event_id,plan_id,stage_seq,stage_name,event_date,result,attempt_no
E000001,P00001,1,부서초안제출,2022-02-28,통과,1
E000002,P00001,2,예산실1차조정,2022-03-13,통과,1
E000003,P00001,3,경영진검토,2022-04-16,통과,1
E000004,P00001,4,이사회승인,2022-05-13,통과,1
E000005,P00001,5,확정배포,2022-05-27,통과,1
E000006,P00002,1,부서초안제출,2022-02-28,통과,1
E000007,P00002,2,예산실1차조정,2022-04-01,통과,1
E000008,P00002,3,경영진검토,2022-05-12,반려,1
E000009,P00002,3,경영진검토,2022-05-24,통과,2
E000010,P00002,4,이사회승인,2022-06-27,반려,1
E000011,P00002,4,이사회승인,2022-07-19,반려,2
E000012,P00003,1,부서초안제출,2022-02-20,통과,1
E000013,P00003,2,예산실1차조정,2022-03-29,통과,1
E000014,P00003,3,경영진검토,2022-05-04,통과,1
E000015,P00003,4,이사회승인,2022-06-06,통과,1
E000016,P00003,5,확정배포,2022-06-18,통과,1
E000017,P00004,1,부서초안제출,2022-02-05,통과,1
E000018,P00004,2,예산실1차조정,2022-02-26,통과,1
E000019,P00004,3,경영진검토,2022-03-15,반려,1
E000020,P00004,3,경영진검토,2022-04-16,통과,2
E000021,P00004,4,이사회승인,2022-05-20,반려,1
E000022,P00004,4,이사회승인,2022-06-28,통과,2
E000023,P00004,5,확정배포,2022-07-21,통과,1
E000024,P00005,1,부서초안제출,2023-01-15,통과,1
E000025,P00005,2,예산실1차조정,2023-02-21,통과,1
E000026,P00005,3,경영진검토,2023-03-26,통과,1
E000027,P00005,4,이사회승인,2023-04-06,통과,1
E000028,P00005,5,확정배포,2023-04-20,통과,1
E000029,P00006,1,부서초안제출,2023-03-06,통과,1
E000030,P00006,2,예산실1차조정,2023-04-04,통과,1
E000031,P00006,3,경영진검토,2023-05-11,통과,1
E000032,P00006,4,이사회승인,2023-05-31,통과,1
E000033,P00006,5,확정배포,2023-07-14,통과,1
E000034,P00007,1,부서초안제출,2023-03-06,통과,1
E000035,P00007,2,예산실1차조정,2023-04-17,통과,1
E000036,P00007,3,경영진검토,2023-05-07,통과,1
E000037,P00007,4,이사회승인,2023-05-31,반려,1
E000038,P00007,4,이사회승인,2023-06-24,통과,2
E000039,P00007,5,확정배포,2023-07-01,철회,1
E000040,P00008,1,부서초안제출,2023-01-07,통과,1
E000041,P00008,2,예산실1차조정,2023-02-11,통과,1
E000042,P00008,3,경영진검토,2023-02-26,통과,1
E000043,P00008,4,이사회승인,2023-03-13,통과,1
E000044,P00008,5,확정배포,,통과,1
E000045,P00009,1,부서초안제출,2023-03-13,통과,1
E000046,P00009,2,예산실1차조정,2023-03-26,반려,1
E000047,P00009,2,예산실1차조정,2023-04-22,통과,2
E000048,P00009,3,경영진검토,2023-05-26,통과,1
E000049,P00009,4,이사회승인,2023-07-02,통과,1
E000050,P00009,5,확정배포,2023-07-27,통과,1
E000051,P00010,1,부서초안제출,2023-01-10,통과,1
E000052,P00010,2,예산실1차조정,2023-02-04,통과,1
E000053,P00010,3,경영진검토,2023-03-02,통과,1
E000054,P00010,4,이사회승인,2023-04-10,통과,1
E000055,P00010,5,확정배포,2023-04-24,통과,1
E000056,P00011,1,부서초안제출,2023-02-13,통과,1
E000057,P00011,2,예산실1차조정,2023-03-22,통과,1
E000058,P00011,3,경영진검토,2023-04-02,통과,1
E000059,P00011,4,이사회승인,2023-04-18,통과,1
E000060,P00011,5,확정배포,2023-05-18,통과,1
E000061,P00012,1,부서초안제출,2023-02-03,통과,1
E000062,P00012,2,예산실1차조정,2023-02-16,철회,1
E000063,P00013,1,부서초안제출,2023-01-12,통과,1
E000064,P00013,2,예산실1차조정,2023-02-24,통과,1
E000065,P00013,3,경영진검토,2023-03-29,반려,1
E000066,P00013,3,경영진검토,2023-04-25,통과,2
E000067,P00013,4,이사회승인,2023-06-02,통과,1
E000068,P00013,5,확정배포,2023-06-21,통과,1
E000069,P00014,1,부서초안제출,2023-01-22,통과,1
E000070,P00014,2,예산실1차조정,2023-02-01,통과,1
E000071,P00014,3,경영진검토,2023-02-22,통과,1
E000072,P00014,4,이사회승인,2023-03-07,반려,1
E000073,P00014,4,이사회승인,2023-04-11,반려,2
E000074,P00015,1,부서초안제출,2023-02-24,통과,1
E000075,P00015,2,예산실1차조정,2023-04-09,통과,1
E000076,P00015,3,경영진검토,2023-04-27,통과,1
E000077,P00015,4,이사회승인,2023-05-23,통과,1
E000078,P00015,5,확정배포,2023-06-30,통과,1
E000079,P00016,1,부서초안제출,2024-02-08,통과,1
E000080,P00016,2,예산실1차조정,2024-02-24,통과,1
E000081,P00016,3,경영진검토,2024-03-10,반려,1
E000082,P00016,3,경영진검토,2024-03-25,통과,2
E000083,P00016,4,이사회승인,2024-05-05,반려,1
E000084,P00016,4,이사회승인,2024-05-19,통과,2
E000085,P00016,5,확정배포,2024-06-16,통과,1
E000086,P00017,1,부서초안제출,2024-01-31,통과,1
E000087,P00017,2,예산실1차조정,2024-02-23,통과,1
E000088,P00017,3,경영진검토,2024-04-06,통과,1
E000089,P00017,4,이사회승인,2024-04-24,통과,1
E000090,P00017,5,확정배포,2024-05-16,통과,1
E000091,P00018,1,부서초안제출,2024-02-14,통과,1
E000092,P00018,2,예산실1차조정,2024-03-29,반려,1
E000093,P00018,2,예산실1차조정,2024-05-05,통과,2
E000094,P00018,3,경영진검토,2024-06-16,통과,1
E000095,P00018,4,이사회승인,2024-06-26,반려,1
E000096,P00018,4,이사회승인,2024-08-08,통과,2
E000097,P00018,5,확정배포,2024-08-22,통과,1
E000098,P00019,1,부서초안제출,2024-02-01,통과,1
E000099,P00019,2,예산실1차조정,2024-02-17,반려,1
E000100,P00019,2,예산실1차조정,2024-03-26,통과,2
E000101,P00019,3,경영진검토,2024-04-09,통과,1
E000102,P00019,4,이사회승인,2024-04-23,반려,1
E000103,P00019,4,이사회승인,2024-05-20,반려,2
E000104,P00020,1,부서초안제출,2024-02-09,통과,1
E000105,P00020,2,예산실1차조정,2024-02-21,철회,1
E000106,P00021,1,부서초안제출,2024-02-14,통과,1
E000107,P00021,2,예산실1차조정,2024-03-14,통과,1
E000108,P00021,3,경영진검토,2024-03-24,통과,1
E000109,P00021,4,이사회승인,2024-05-06,반려,1
E000110,P00021,4,이사회승인,2024-05-31,통과,2
E000111,P00021,5,확정배포,2024-06-16,철회,1
E000112,P00022,1,부서초안제출,2024-02-19,통과,1
E000113,P00022,2,예산실1차조정,2024-03-03,통과,1
E000114,P00022,3,경영진검토,2024-04-08,반려,1
E000115,P00022,3,경영진검토,2024-05-09,통과,2
E000116,P00022,4,이사회승인,2024-05-23,통과,1
E000117,P00022,5,확정배포,2024-06-15,통과,1
E000118,P00023,1,부서초안제출,2024-01-21,통과,1
E000119,P00023,2,예산실1차조정,2024-02-15,반려,1
E000120,P00023,2,예산실1차조정,2024-03-25,통과,2
E000121,P00023,3,경영진검토,2024-05-02,통과,1
E000122,P00023,4,이사회승인,2024-05-18,통과,1
E000123,P00023,5,확정배포,2024-06-25,통과,1
E000124,P00024,1,부서초안제출,2024-02-14,통과,1
E000125,P00024,2,예산실1차조정,2024-02-29,통과,1
E000126,P00024,3,경영진검토,2024-03-22,철회,1
E000127,P00025,1,부서초안제출,2025-01-15,통과,1
E000128,P00025,2,예산실1차조정,2025-01-31,통과,1
E000129,P00025,3,경영진검토,2025-03-10,통과,1
E000130,P00025,4,이사회승인,2025-03-31,반려,1
E000131,P00025,4,이사회승인,2025-04-28,통과,2
E000132,P00025,5,확정배포,2025-05-09,통과,1
E000133,P00026,1,부서초안제출,2025-02-18,통과,1
E000134,P00026,2,예산실1차조정,2025-03-19,통과,1
E000135,P00026,3,경영진검토,2025-04-29,반려,1
E000136,P00026,3,경영진검토,2025-05-12,통과,2
E000137,P00026,4,이사회승인,2025-06-15,반려,1
E000138,P00026,4,이사회승인,2025-06-28,반려,2
E000139,P00027,1,부서초안제출,2025-01-18,통과,1
E000140,P00027,2,예산실1차조정,2025-03-03,통과,1
E000141,P00027,3,경영진검토,2025-04-07,통과,1
E000142,P00027,4,이사회승인,2025-04-21,반려,1
E000143,P00027,4,이사회승인,2025-05-30,통과,2
E000144,P00027,5,확정배포,2025-06-25,통과,1
E000145,P00028,1,부서초안제출,2025-01-05,통과,1
E000146,P00028,2,예산실1차조정,2025-01-19,통과,1
E000147,P00028,3,경영진검토,2025-02-15,통과,1
E000148,P00028,4,이사회승인,2025-03-09,반려,1
E000149,P00028,4,이사회승인,2025-03-27,반려,2
E000150,P00029,1,부서초안제출,2026-02-20,통과,1
E000151,P00029,2,예산실1차조정,2026-04-03,통과,1
E000152,P00029,3,경영진검토,2026-04-30,통과,1
E000153,P00029,4,이사회승인,2026-06-01,통과,1
E000154,P00029,5,확정배포,2026-06-17,통과,1
E000155,P00030,1,부서초안제출,2026-02-25,통과,1
E000156,P00030,2,예산실1차조정,2026-04-08,통과,1
E000157,P00030,3,경영진검토,2026-04-22,통과,1
E000158,P00030,4,이사회승인,2026-05-20,통과,1
E000159,P00030,5,확정배포,2026-07-01,통과,1
E000160,P00031,1,부서초안제출,2026-01-31,통과,1
E000161,P00031,2,예산실1차조정,2026-03-02,반려,1
E000162,P00031,2,예산실1차조정,2026-03-15,통과,2
E000163,P00031,3,경영진검토,2026-04-02,통과,1
E000164,P00031,4,이사회승인,2026-04-16,통과,1
E000165,P00031,5,확정배포,2026-05-15,통과,1
E000166,P00032,1,부서초안제출,2026-02-24,통과,1
E000167,P00032,2,예산실1차조정,2026-04-01,통과,1
E000168,P00032,3,경영진검토,2026-05-10,통과,1
E000169,P00032,4,이사회승인,2026-05-24,반려,1
E000170,P00032,4,이사회승인,2026-06-28,통과,2
E000171,P00032,5,확정배포,2026-07-22,통과,1
E000172,P00033,1,부서초안제출,2026-02-25,통과,1
E000173,P00033,2,예산실1차조정,2026-04-07,통과,1
E000174,P00033,3,경영진검토,2026-04-27,통과,1
E000175,P00033,4,이사회승인,2026-05-12,통과,1
E000176,P00033,5,확정배포,2026-05-26,통과,1
E000177,P00034,1,부서초안제출,2026-02-24,통과,1
E000178,P00034,2,예산실1차조정,2026-03-27,통과,1
E000179,P00034,3,경영진검토,2026-04-22,통과,1
E000180,P00034,4,이사회승인,2026-05-16,반려,1
E000181,P00034,4,이사회승인,2026-05-30,통과,2
E000182,P00034,5,확정배포,2026-06-25,통과,1
E000183,P00035,1,부서초안제출,,통과,1
E000184,P00035,2,예산실1차조정,2022-02-20,통과,1
E000185,P00035,3,경영진검토,2022-03-13,통과,1
E000186,P00035,4,이사회승인,2022-04-07,반려,1
E000187,P00035,4,이사회승인,2022-05-06,반려,2
E000188,P00036,1,부서초안제출,2022-01-09,통과,1
E000189,P00036,2,예산실1차조정,2022-02-15,통과,1
E000190,P00036,3,경영진검토,2022-03-26,통과,1
E000191,P00036,4,이사회승인,2022-04-26,반려,1
E000192,P00036,4,이사회승인,2022-05-09,통과,2
E000193,P00036,5,확정배포,2022-06-03,통과,1
E000194,P00037,1,부서초안제출,2022-01-11,통과,1
E000195,P00037,2,예산실1차조정,2022-01-31,통과,1
E000196,P00037,3,경영진검토,2022-02-21,철회,1
E000197,P00038,1,부서초안제출,2022-01-12,통과,1
E000198,P00038,2,예산실1차조정,2022-01-23,통과,1
E000199,P00038,3,경영진검토,2022-02-10,통과,1
E000200,P00038,4,이사회승인,2022-02-22,반려,1
E000201,P00038,4,이사회승인,2022-04-02,통과,2
E000202,P00038,5,확정배포,2022-05-06,통과,1
E000203,P00039,1,부서초안제출,2022-01-09,통과,1
E000204,P00039,2,예산실1차조정,2022-01-23,통과,1
E000205,P00039,3,경영진검토,2022-02-17,통과,1
E000206,P00039,4,이사회승인,,통과,1
E000207,P00039,5,확정배포,2022-04-01,통과,1
E000208,P00040,1,부서초안제출,2022-03-15,통과,1
E000209,P00040,2,예산실1차조정,2022-03-25,반려,1
E000210,P00040,2,예산실1차조정,2022-04-05,통과,2
E000211,P00040,3,경영진검토,2022-04-27,통과,1
E000212,P00040,4,이사회승인,2022-05-10,통과,1
E000213,P00040,5,확정배포,2022-05-28,통과,1
E000214,P00041,1,부서초안제출,2022-02-17,통과,1
E000215,P00041,2,예산실1차조정,2022-03-17,통과,1
E000216,P00041,3,경영진검토,2022-04-06,통과,1
E000217,P00041,4,이사회승인,2022-04-21,통과,1
E000218,P00041,5,확정배포,2022-05-06,통과,1
E000219,P00042,1,부서초안제출,2022-01-10,통과,1
E000220,P00042,2,예산실1차조정,2022-01-24,통과,1
E000221,P00042,3,경영진검토,2022-03-02,통과,1
E000222,P00042,4,이사회승인,2022-04-02,통과,1
E000223,P00042,5,확정배포,2022-05-15,통과,1
E000224,P00043,1,부서초안제출,2022-02-14,통과,1
E000225,P00043,2,예산실1차조정,2022-03-12,통과,1
E000226,P00043,3,경영진검토,2022-04-07,통과,1
E000227,P00043,4,이사회승인,2022-05-06,반려,1
E000228,P00043,4,이사회승인,2022-06-07,통과,2
E000229,P00043,5,확정배포,2022-06-28,통과,1
E000230,P00044,1,부서초안제출,2023-02-09,통과,1
E000231,P00044,2,예산실1차조정,2023-03-12,반려,1
E000232,P00044,2,예산실1차조정,2023-04-10,반려,2
E000233,P00045,1,부서초안제출,,통과,1
E000234,P00045,2,예산실1차조정,2023-03-27,통과,1
E000235,P00045,3,경영진검토,2023-05-03,통과,1
E000236,P00045,4,이사회승인,2023-05-14,반려,1
E000237,P00045,4,이사회승인,2023-05-26,통과,2
E000238,P00045,5,확정배포,2023-06-24,통과,1
E000239,P00046,1,부서초안제출,2023-01-26,통과,1
E000240,P00046,2,예산실1차조정,2023-03-08,반려,1
E000241,P00046,2,예산실1차조정,2023-03-18,통과,2
E000242,P00046,3,경영진검토,2023-04-21,통과,1
E000243,P00046,4,이사회승인,2023-05-06,통과,1
E000244,P00046,5,확정배포,2023-05-18,통과,1
E000245,P00047,1,부서초안제출,2023-03-16,통과,1
E000246,P00047,2,예산실1차조정,2023-03-31,통과,1
E000247,P00047,3,경영진검토,2023-05-04,통과,1
E000248,P00047,4,이사회승인,2023-06-09,통과,1
E000249,P00047,5,확정배포,2023-07-07,통과,1
E000250,P00048,1,부서초안제출,2023-03-11,통과,1
E000251,P00048,2,예산실1차조정,2023-04-24,반려,1
E000252,P00048,2,예산실1차조정,2023-05-26,통과,2
E000253,P00048,3,경영진검토,2023-06-09,통과,1
E000254,P00048,4,이사회승인,2023-06-20,통과,1
E000255,P00048,5,확정배포,2023-07-15,통과,1
E000256,P00049,1,부서초안제출,2023-01-19,통과,1
E000257,P00049,2,예산실1차조정,2023-03-01,통과,1
E000258,P00049,3,경영진검토,2023-04-14,통과,1
E000259,P00049,4,이사회승인,2023-05-14,통과,1
E000260,P00049,5,확정배포,2023-06-22,통과,1
E000261,P00050,1,부서초안제출,2023-02-17,통과,1
E000262,P00050,2,예산실1차조정,2023-03-20,통과,1
E000263,P00050,3,경영진검토,2023-04-01,통과,1
E000264,P00050,4,이사회승인,2023-04-22,반려,1
E000265,P00050,4,이사회승인,2023-05-18,반려,2
E000266,P00051,1,부서초안제출,2023-01-28,통과,1
E000267,P00051,2,예산실1차조정,2023-02-24,반려,1
E000268,P00051,2,예산실1차조정,2023-03-19,통과,2
E000269,P00051,3,경영진검토,2023-04-09,통과,1
E000270,P00051,4,이사회승인,2023-05-23,반려,1
E000271,P00051,4,이사회승인,2023-07-04,통과,2
E000272,P00051,5,확정배포,2023-07-25,통과,1
E000273,P00052,1,부서초안제출,2024-02-15,통과,1
E000274,P00052,2,예산실1차조정,2024-03-28,통과,1
E000275,P00052,3,경영진검토,2024-04-12,철회,1
E000276,P00053,1,부서초안제출,2024-01-21,통과,1
E000277,P00053,2,예산실1차조정,2024-02-24,통과,1
E000278,P00053,3,경영진검토,2024-04-08,통과,1
E000279,P00053,4,이사회승인,2024-05-06,반려,1
E000280,P00053,4,이사회승인,2024-06-10,통과,2
E000281,P00053,5,확정배포,2024-06-22,통과,1
E000282,P00054,1,부서초안제출,2024-01-09,통과,1
E000283,P00054,2,예산실1차조정,2024-02-21,반려,1
E000284,P00054,2,예산실1차조정,2024-03-24,반려,2
E000285,P00055,1,부서초안제출,2024-01-12,통과,1
E000286,P00055,2,예산실1차조정,2024-02-01,통과,1
E000287,P00055,3,경영진검토,2024-02-21,통과,1
E000288,P00055,4,이사회승인,2024-03-03,반려,1
E000289,P00055,4,이사회승인,2024-04-12,반려,2
E000290,P00056,1,부서초안제출,2024-02-04,통과,1
E000291,P00056,2,예산실1차조정,2024-03-07,통과,1
E000292,P00056,3,경영진검토,2024-03-19,반려,1
E000293,P00056,3,경영진검토,2024-04-13,통과,2
E000294,P00056,4,이사회승인,2024-05-21,통과,1
E000295,P00056,5,확정배포,2024-07-02,통과,1
E000296,P00057,1,부서초안제출,2025-02-19,통과,1
E000297,P00057,2,예산실1차조정,2025-03-28,반려,1
E000298,P00057,2,예산실1차조정,2025-04-20,통과,2
E000299,P00057,3,경영진검토,2025-05-01,반려,1
E000300,P00057,3,경영진검토,2025-05-26,통과,2
E000301,P00057,4,이사회승인,2025-06-05,통과,1
E000302,P00057,5,확정배포,2025-07-09,통과,1
E000303,P00058,1,부서초안제출,2025-03-09,통과,1
E000304,P00058,2,예산실1차조정,2025-04-06,반려,1
E000305,P00058,2,예산실1차조정,2025-04-28,통과,2
E000306,P00058,3,경영진검토,2025-05-23,통과,1
E000307,P00058,4,이사회승인,2025-06-15,통과,1
E000308,P00058,5,확정배포,2025-07-18,통과,1
E000309,P00059,1,부서초안제출,2025-01-26,통과,1
E000310,P00059,2,예산실1차조정,2025-02-27,통과,1
E000311,P00059,3,경영진검토,2025-03-19,통과,1
E000312,P00059,4,이사회승인,2025-04-27,반려,1
E000313,P00059,4,이사회승인,2025-05-31,통과,2
E000314,P00059,5,확정배포,2025-06-17,통과,1
E000315,P00060,1,부서초안제출,2025-02-07,통과,1
E000316,P00060,2,예산실1차조정,2025-03-01,통과,1
E000317,P00060,3,경영진검토,2025-03-18,통과,1
E000318,P00060,4,이사회승인,2025-04-12,반려,1
E000319,P00060,4,이사회승인,2025-05-06,반려,2
E000320,P00061,1,부서초안제출,2025-02-07,통과,1
E000321,P00061,2,예산실1차조정,2025-03-07,통과,1
E000322,P00061,3,경영진검토,2025-04-17,통과,1
E000323,P00061,4,이사회승인,2025-05-28,반려,1
E000324,P00061,4,이사회승인,2025-06-28,통과,2
E000325,P00061,5,확정배포,2025-07-30,통과,1
E000326,P00062,1,부서초안제출,2025-01-14,통과,1
E000327,P00062,2,예산실1차조정,2025-01-29,반려,1
E000328,P00062,2,예산실1차조정,2025-02-28,통과,2
E000329,P00062,3,경영진검토,2025-04-06,반려,1
E000330,P00062,3,경영진검토,2025-05-06,통과,2
E000331,P00062,4,이사회승인,2025-06-08,반려,1
E000332,P00062,4,이사회승인,2025-07-04,통과,2
E000333,P00062,5,확정배포,2025-07-20,통과,1
E000334,P00063,1,부서초안제출,2025-01-24,통과,1
E000335,P00063,2,예산실1차조정,2025-03-08,통과,1
E000336,P00063,3,경영진검토,2025-04-12,통과,1
E000337,P00063,4,이사회승인,2025-04-25,통과,1
E000338,P00063,5,확정배포,2025-05-14,통과,1
E000339,P00064,1,부서초안제출,2025-02-08,통과,1
E000340,P00064,2,예산실1차조정,2025-03-12,통과,1
E000341,P00064,3,경영진검토,2025-04-04,통과,1
E000342,P00064,4,이사회승인,2025-05-01,통과,1
E000343,P00064,5,확정배포,2025-05-15,철회,1
E000344,P00065,1,부서초안제출,2025-01-22,통과,1
E000345,P00065,2,예산실1차조정,2025-01-29,철회,1
E000346,P00066,1,부서초안제출,2025-01-09,통과,1
E000347,P00066,2,예산실1차조정,2025-02-05,통과,1
E000348,P00066,3,경영진검토,2025-03-03,통과,1
E000349,P00066,4,이사회승인,2025-04-11,통과,1
E000350,P00066,5,확정배포,2025-05-21,통과,1
E000351,P00067,1,부서초안제출,2026-02-25,통과,1
E000352,P00067,2,예산실1차조정,2026-03-18,통과,1
E000353,P00067,3,경영진검토,2026-04-03,통과,1
E000354,P00067,4,이사회승인,2026-04-18,반려,1
E000355,P00067,4,이사회승인,2026-05-01,통과,2
E000356,P00067,5,확정배포,2026-05-06,철회,1
E000357,P00068,1,부서초안제출,2026-01-12,통과,1
E000358,P00068,2,예산실1차조정,2026-01-25,통과,1
E000359,P00068,3,경영진검토,2026-02-28,통과,1
E000360,P00068,4,이사회승인,2026-04-08,통과,1
E000361,P00068,5,확정배포,2026-05-19,통과,1
E000362,P00069,1,부서초안제출,2026-02-27,통과,1
E000363,P00069,2,예산실1차조정,2026-03-28,통과,1
E000364,P00069,3,경영진검토,2026-04-22,통과,1
E000365,P00069,4,이사회승인,2026-05-07,반려,1
E000366,P00069,4,이사회승인,2026-05-28,통과,2
E000367,P00069,5,확정배포,2026-06-25,통과,1
E000368,P00070,1,부서초안제출,2026-02-01,통과,1
E000369,P00070,2,예산실1차조정,2026-02-24,철회,1
E000370,P00071,1,부서초안제출,2026-01-26,통과,1
E000371,P00071,2,예산실1차조정,2026-02-28,통과,1
E000372,P00071,3,경영진검토,2026-04-04,통과,1
E000373,P00071,4,이사회승인,2026-04-19,통과,1
E000374,P00071,5,확정배포,2026-05-19,통과,1
E000375,P00072,1,부서초안제출,2026-01-05,통과,1
E000376,P00072,2,예산실1차조정,2026-01-21,통과,1
E000377,P00072,3,경영진검토,2026-02-08,철회,1
E000378,P00073,1,부서초안제출,2026-03-16,통과,1
E000379,P00073,2,예산실1차조정,2026-04-15,반려,1
E000380,P00073,2,예산실1차조정,2026-05-26,통과,2
E000381,P00073,3,경영진검토,2026-06-11,통과,1
E000382,P00073,4,이사회승인,2026-06-30,통과,1
E000383,P00073,5,확정배포,2026-08-13,통과,1
E000384,P00074,1,부서초안제출,2026-03-04,통과,1
E000385,P00074,2,예산실1차조정,2026-04-12,통과,1
E000386,P00074,3,경영진검토,2026-05-22,통과,1
E000387,P00074,4,이사회승인,2026-06-27,반려,1
E000388,P00074,4,이사회승인,2026-07-30,통과,2
E000389,P00075,1,부서초안제출,2026-03-15,통과,1
E000390,P00075,2,예산실1차조정,2026-04-26,반려,1
E000391,P00075,2,예산실1차조정,2026-05-06,통과,2
E000392,P00075,3,경영진검토,2026-06-17,반려,1
E000393,P00075,3,경영진검토,2026-06-30,통과,2
E000394,P00075,4,이사회승인,2026-07-26,반려,1
E000395,P00075,4,이사회승인,2026-08-10,통과,2
E000396,P00076,1,부서초안제출,2026-03-06,통과,1
E000397,P00076,2,예산실1차조정,2026-03-27,반려,1
E000398,P00076,2,예산실1차조정,2026-04-22,통과,2
E000399,P00076,3,경영진검토,2026-05-16,통과,1
E000400,P00076,4,이사회승인,2026-06-13,반려,1
E000401,P00076,4,이사회승인,2026-07-26,통과,2
E000402,P00076,5,확정배포,2026-08-24,통과,1
E000403,P00077,1,부서초안제출,2022-03-01,통과,1
E000404,P00077,2,예산실1차조정,2022-03-26,통과,1
E000405,P00077,3,경영진검토,2022-05-01,통과,1
E000406,P00077,4,이사회승인,2022-06-12,통과,1
E000407,P00077,5,확정배포,2022-07-23,통과,1
E000408,P00078,1,부서초안제출,2022-02-12,통과,1
E000409,P00078,2,예산실1차조정,2022-03-14,반려,1
E000410,P00078,2,예산실1차조정,2022-04-10,통과,2
E000411,P00078,3,경영진검토,2022-05-06,통과,1
E000412,P00078,4,이사회승인,2022-05-27,반려,1
E000413,P00078,4,이사회승인,2022-06-11,통과,2
E000414,P00078,5,확정배포,2022-07-16,통과,1
E000415,P00079,1,부서초안제출,2022-01-19,통과,1
E000416,P00079,2,예산실1차조정,2022-02-10,통과,1
E000417,P00079,3,경영진검토,2022-03-01,통과,1
E000418,P00079,4,이사회승인,2022-03-26,통과,1
E000419,P00079,5,확정배포,2022-04-14,반려,1
E000420,P00079,5,확정배포,2022-05-02,통과,2
E000421,P00080,1,부서초안제출,2022-02-18,통과,1
E000422,P00080,2,예산실1차조정,2022-03-04,반려,1
E000423,P00080,2,예산실1차조정,2022-03-24,통과,2
E000424,P00080,3,경영진검토,2022-04-06,반려,1
E000425,P00080,3,경영진검토,2022-05-20,통과,2
E000426,P00080,4,이사회승인,2022-06-13,통과,1
E000427,P00080,5,확정배포,2022-06-27,통과,1
E000428,P00081,1,부서초안제출,2022-03-03,통과,1
E000429,P00081,2,예산실1차조정,2022-04-11,통과,1
E000430,P00081,3,경영진검토,2022-05-06,반려,1
E000431,P00081,3,경영진검토,2022-05-21,통과,2
E000432,P00081,4,이사회승인,2022-06-25,통과,1
E000433,P00081,5,확정배포,2022-07-15,통과,1
E000434,P00082,1,부서초안제출,2022-01-03,통과,1
E000435,P00082,2,예산실1차조정,2022-02-09,통과,1
E000436,P00082,3,경영진검토,2022-03-16,통과,1
E000437,P00082,4,이사회승인,2022-03-29,통과,1
E000438,P00082,5,확정배포,2022-04-10,통과,1
E000439,P00083,1,부서초안제출,2022-02-03,통과,1
E000440,P00083,2,예산실1차조정,2022-03-05,통과,1
E000441,P00083,3,경영진검토,2022-04-14,통과,1
E000442,P00083,4,이사회승인,2022-05-04,반려,1
E000443,P00083,4,이사회승인,,반려,2
E000444,P00084,1,부서초안제출,,통과,1
E000445,P00084,2,예산실1차조정,2022-02-07,통과,1
E000446,P00084,3,경영진검토,2022-03-17,통과,1
E000447,P00084,4,이사회승인,2022-04-11,반려,1
E000448,P00084,4,이사회승인,2022-04-24,반려,2
E000449,P00085,1,부서초안제출,2022-02-06,통과,1
E000450,P00085,2,예산실1차조정,2022-03-21,통과,1
E000451,P00085,3,경영진검토,2022-03-31,철회,1
E000452,P00086,1,부서초안제출,2022-01-29,통과,1
E000453,P00086,2,예산실1차조정,2022-02-12,통과,1
E000454,P00086,3,경영진검토,2022-03-27,통과,1
E000455,P00086,4,이사회승인,2022-04-20,반려,1
E000456,P00086,4,이사회승인,2022-05-04,통과,2
E000457,P00086,5,확정배포,2022-06-11,통과,1
E000458,P00087,1,부서초안제출,2022-03-04,통과,1
E000459,P00087,2,예산실1차조정,2022-04-15,통과,1
E000460,P00087,3,경영진검토,2022-05-18,통과,1
E000461,P00087,4,이사회승인,2022-06-18,통과,1
E000462,P00087,5,확정배포,2022-07-16,통과,1
E000463,P00088,1,부서초안제출,2023-02-26,통과,1
E000464,P00088,2,예산실1차조정,2023-03-08,통과,1
E000465,P00088,3,경영진검토,2023-04-14,통과,1
E000466,P00088,4,이사회승인,2023-04-28,통과,1
E000467,P00088,5,확정배포,2023-05-30,통과,1
E000468,P00089,1,부서초안제출,2023-01-24,통과,1
E000469,P00089,2,예산실1차조정,2023-02-26,통과,1
E000470,P00089,3,경영진검토,2023-03-28,통과,1
E000471,P00089,4,이사회승인,2023-04-10,반려,1
E000472,P00089,4,이사회승인,2023-05-13,통과,2
E000473,P00089,5,확정배포,2023-06-02,통과,1
E000474,P00090,1,부서초안제출,2023-03-08,통과,1
E000475,P00090,2,예산실1차조정,2023-04-13,통과,1
E000476,P00090,3,경영진검토,2023-05-16,통과,1
E000477,P00090,4,이사회승인,2023-06-08,반려,1
E000478,P00090,4,이사회승인,2023-07-02,반려,2
E000479,P00091,1,부서초안제출,2023-02-14,통과,1
E000480,P00091,2,예산실1차조정,2023-03-13,통과,1
E000481,P00091,3,경영진검토,2023-04-16,통과,1
E000482,P00091,4,이사회승인,2023-05-10,통과,1
E000483,P00091,5,확정배포,2023-05-24,통과,1
E000484,P00092,1,부서초안제출,2023-02-19,통과,1
E000485,P00092,2,예산실1차조정,2023-03-29,반려,1
E000486,P00092,2,예산실1차조정,2023-04-14,통과,2
E000487,P00092,3,경영진검토,2023-05-25,통과,1
E000488,P00092,4,이사회승인,2023-06-27,통과,1
E000489,P00092,5,확정배포,2023-07-16,통과,1
E000490,P00093,1,부서초안제출,2023-02-20,통과,1
E000491,P00093,2,예산실1차조정,2023-03-21,반려,1
E000492,P00093,2,예산실1차조정,2023-04-24,통과,2
E000493,P00093,3,경영진검토,2023-05-14,통과,1
E000494,P00093,4,이사회승인,2023-06-14,통과,1
E000495,P00093,5,확정배포,2023-07-13,통과,1
E000496,P00094,1,부서초안제출,2023-01-02,통과,1
E000497,P00094,2,예산실1차조정,2023-01-24,반려,1
E000498,P00094,2,예산실1차조정,2023-02-18,통과,2
E000499,P00094,3,경영진검토,2023-03-29,통과,1
E000500,P00094,4,이사회승인,,통과,1
E000501,P00094,5,확정배포,2023-05-21,통과,1
E000502,P00095,1,부서초안제출,2024-01-24,통과,1
E000503,P00095,2,예산실1차조정,2024-03-03,반려,1
E000504,P00095,2,예산실1차조정,2024-03-21,통과,2
E000505,P00095,3,경영진검토,2024-04-26,통과,1
E000506,P00095,4,이사회승인,2024-05-28,통과,1
E000507,P00095,5,확정배포,2024-06-17,통과,1
E000508,P00096,1,부서초안제출,2024-01-22,통과,1
E000509,P00096,2,예산실1차조정,2024-02-08,통과,1
E000510,P00096,3,경영진검토,2024-02-13,철회,1
E000511,P00097,1,부서초안제출,2024-01-26,통과,1
E000512,P00097,2,예산실1차조정,2024-02-13,반려,1
E000513,P00097,2,예산실1차조정,2024-02-27,통과,2
E000514,P00097,3,경영진검토,2024-03-23,통과,1
E000515,P00097,4,이사회승인,2024-05-06,통과,1
E000516,P00097,5,확정배포,2024-06-15,반려,1
E000517,P00097,5,확정배포,2024-07-27,통과,2
E000518,P00098,1,부서초안제출,2024-03-11,통과,1
E000519,P00098,2,예산실1차조정,2024-03-25,반려,1
E000520,P00098,2,예산실1차조정,2024-04-11,통과,2
E000521,P00098,3,경영진검토,2024-05-14,통과,1
E000522,P00098,4,이사회승인,2024-06-10,통과,1
E000523,P00098,5,확정배포,2024-07-09,통과,1
E000524,P00099,1,부서초안제출,2024-01-01,통과,1
E000525,P00099,2,예산실1차조정,2024-02-14,반려,1
E000526,P00099,2,예산실1차조정,2024-02-28,통과,2
E000527,P00099,3,경영진검토,2024-04-12,통과,1
E000528,P00099,4,이사회승인,2024-05-04,통과,1
E000529,P00099,5,확정배포,2024-06-06,통과,1
E000530,P00100,1,부서초안제출,2024-03-08,통과,1
E000531,P00100,2,예산실1차조정,2024-04-15,반려,1
E000532,P00100,2,예산실1차조정,2024-05-20,통과,2
E000533,P00100,3,경영진검토,2024-06-27,통과,1
E000534,P00100,4,이사회승인,2024-08-08,통과,1
E000535,P00100,5,확정배포,2024-08-21,통과,1
E000536,P00101,1,부서초안제출,2024-02-08,통과,1
E000537,P00101,2,예산실1차조정,2024-02-19,반려,1
E000538,P00101,2,예산실1차조정,2024-03-03,통과,2
E000539,P00101,3,경영진검토,2024-03-14,통과,1
E000540,P00101,4,이사회승인,2024-03-26,반려,1
E000541,P00101,4,이사회승인,2024-05-05,통과,2
E000542,P00101,5,확정배포,2024-05-16,통과,1
E000543,P00102,1,부서초안제출,2024-01-07,통과,1
E000544,P00102,2,예산실1차조정,2024-01-28,통과,1
E000545,P00102,3,경영진검토,2024-03-04,통과,1
E000546,P00102,4,이사회승인,2024-03-28,통과,1
E000547,P00102,5,확정배포,2024-04-14,통과,1
E000548,P00103,1,부서초안제출,2024-02-26,통과,1
E000549,P00103,2,예산실1차조정,2024-03-10,반려,1
E000550,P00103,2,예산실1차조정,2024-03-22,반려,2
E000551,P00104,1,부서초안제출,2024-01-30,통과,1
E000552,P00104,2,예산실1차조정,2024-02-15,통과,1
E000553,P00104,3,경영진검토,2024-03-11,반려,1
E000554,P00104,3,경영진검토,2024-04-23,통과,2
E000555,P00104,4,이사회승인,2024-06-02,반려,1
E000556,P00104,4,이사회승인,2024-07-15,통과,2
E000557,P00104,5,확정배포,2024-08-04,통과,1
E000558,P00105,1,부서초안제출,2024-01-29,통과,1
E000559,P00105,2,예산실1차조정,2024-02-23,철회,1
E000560,P00106,1,부서초안제출,2024-02-09,통과,1
E000561,P00106,2,예산실1차조정,2024-02-20,통과,1
E000562,P00106,3,경영진검토,2024-03-10,반려,1
E000563,P00106,3,경영진검토,2024-04-15,통과,2
E000564,P00106,4,이사회승인,2024-05-21,통과,1
E000565,P00106,5,확정배포,2024-06-09,통과,1
E000566,P00107,1,부서초안제출,2025-02-20,통과,1
E000567,P00107,2,예산실1차조정,2025-02-25,철회,1
E000568,P00108,1,부서초안제출,2025-01-16,통과,1
E000569,P00108,2,예산실1차조정,2025-02-22,반려,1
E000570,P00108,2,예산실1차조정,2025-03-10,통과,2
E000571,P00108,3,경영진검토,2025-04-18,통과,1
E000572,P00108,4,이사회승인,2025-05-30,반려,1
E000573,P00108,4,이사회승인,2025-06-25,통과,2
E000574,P00108,5,확정배포,2025-07-11,통과,1
E000575,P00109,1,부서초안제출,2025-02-01,통과,1
E000576,P00109,2,예산실1차조정,2025-02-18,통과,1
E000577,P00109,3,경영진검토,2025-03-06,통과,1
E000578,P00109,4,이사회승인,2025-03-27,통과,1
E000579,P00109,5,확정배포,2025-05-08,통과,1
E000580,P00110,1,부서초안제출,2025-02-15,통과,1
E000581,P00110,2,예산실1차조정,2025-03-21,통과,1
E000582,P00110,3,경영진검토,2025-04-03,통과,1
E000583,P00110,4,이사회승인,2025-04-19,반려,1
E000584,P00110,4,이사회승인,2025-05-28,반려,2
E000585,P00111,1,부서초안제출,2025-02-21,통과,1
E000586,P00111,2,예산실1차조정,2025-03-21,통과,1
E000587,P00111,3,경영진검토,2025-04-16,통과,1
E000588,P00111,4,이사회승인,2025-05-29,통과,1
E000589,P00111,5,확정배포,2025-06-19,통과,1
E000590,P00112,1,부서초안제출,2025-02-07,통과,1
E000591,P00112,2,예산실1차조정,2025-03-17,통과,1
E000592,P00112,3,경영진검토,2025-04-09,통과,1
E000593,P00112,4,이사회승인,2025-05-23,반려,1
E000594,P00112,4,이사회승인,2025-06-05,통과,2
E000595,P00112,5,확정배포,2025-07-08,통과,1
E000596,P00113,1,부서초안제출,2025-01-31,통과,1
E000597,P00113,2,예산실1차조정,2025-03-10,통과,1
E000598,P00113,3,경영진검토,2025-04-21,통과,1
E000599,P00113,4,이사회승인,2025-05-14,반려,1
E000600,P00113,4,이사회승인,2025-06-09,통과,2
E000601,P00113,5,확정배포,2025-07-22,통과,1
E000602,P00114,1,부서초안제출,2025-01-26,통과,1
E000603,P00114,2,예산실1차조정,2025-02-22,통과,1
E000604,P00114,3,경영진검토,2025-03-29,통과,1
E000605,P00114,4,이사회승인,2025-04-26,반려,1
E000606,P00114,4,이사회승인,2025-05-15,반려,2
E000607,P00115,1,부서초안제출,2025-01-14,통과,1
E000608,P00115,2,예산실1차조정,2025-02-13,반려,1
E000609,P00115,2,예산실1차조정,2025-03-24,반려,2
E000610,P00116,1,부서초안제출,2026-03-11,통과,1
E000611,P00116,2,예산실1차조정,2026-04-10,통과,1
E000612,P00116,3,경영진검토,2026-04-22,통과,1
E000613,P00116,4,이사회승인,2026-05-02,통과,1
E000614,P00116,5,확정배포,2026-05-27,통과,1
E000615,P00117,1,부서초안제출,2026-01-01,통과,1
E000616,P00117,2,예산실1차조정,2026-02-14,통과,1
E000617,P00117,3,경영진검토,2026-03-09,통과,1
E000618,P00117,4,이사회승인,2026-03-24,통과,1
E000619,P00117,5,확정배포,2026-04-20,반려,1
E000620,P00117,5,확정배포,2026-05-27,통과,2
E000621,P00118,1,부서초안제출,2026-03-06,통과,1
E000622,P00118,2,예산실1차조정,2026-04-05,통과,1
E000623,P00118,3,경영진검토,2026-04-28,통과,1
E000624,P00118,4,이사회승인,2026-05-30,통과,1
E000625,P00118,5,확정배포,2026-07-13,통과,1
E000626,P00119,1,부서초안제출,2026-01-10,통과,1
E000627,P00119,2,예산실1차조정,2026-02-03,반려,1
E000628,P00119,2,예산실1차조정,2026-02-15,통과,2
E000629,P00119,3,경영진검토,2026-03-06,통과,1
E000630,P00119,4,이사회승인,2026-04-02,반려,1
E000631,P00119,4,이사회승인,2026-04-28,통과,2
E000632,P00119,5,확정배포,2026-05-11,통과,1
E000633,P00120,1,부서초안제출,2026-01-29,통과,1
E000634,P00120,2,예산실1차조정,2026-03-13,통과,1
E000635,P00120,3,경영진검토,2026-04-10,통과,1
E000636,P00120,4,이사회승인,2026-04-26,반려,1
E000637,P00120,4,이사회승인,2026-05-09,통과,2
E000638,P00120,5,확정배포,2026-06-02,통과,1
E000639,P00121,1,부서초안제출,2026-03-15,통과,1
E000640,P00121,2,예산실1차조정,2026-04-24,통과,1
E000641,P00121,3,경영진검토,2026-05-26,통과,1
E000642,P00121,4,이사회승인,2026-06-17,반려,1
E000643,P00121,4,이사회승인,2026-07-31,통과,2
E000644,P00121,5,확정배포,2026-08-29,통과,1
E000645,P00122,1,부서초안제출,2026-01-23,통과,1
E000646,P00122,2,예산실1차조정,2026-02-28,통과,1
E000647,P00122,3,경영진검토,2026-04-08,반려,1
E000648,P00122,3,경영진검토,2026-05-20,통과,2
E000649,P00122,4,이사회승인,2026-06-04,통과,1
E000650,P00122,5,확정배포,2026-07-11,통과,1
E000651,P00123,1,부서초안제출,2022-01-13,통과,1
E000652,P00123,2,예산실1차조정,2022-02-25,통과,1
E000653,P00123,3,경영진검토,2022-03-13,반려,1
E000654,P00123,3,경영진검토,,통과,2
E000655,P00123,4,이사회승인,2022-04-09,반려,1
E000656,P00123,4,이사회승인,2022-05-23,반려,2
E000657,P00124,1,부서초안제출,2022-02-16,통과,1
E000658,P00124,2,예산실1차조정,2022-03-02,통과,1
E000659,P00124,3,경영진검토,2022-03-19,통과,1
E000660,P00124,4,이사회승인,2022-05-02,통과,1
E000661,P00124,5,확정배포,2022-05-21,통과,1
E000662,P00125,1,부서초안제출,2022-01-28,통과,1
E000663,P00125,2,예산실1차조정,2022-02-26,통과,1
E000664,P00125,3,경영진검토,2022-04-04,통과,1
E000665,P00125,4,이사회승인,2022-04-25,통과,1
E000666,P00125,5,확정배포,2022-05-10,통과,1
E000667,P00126,1,부서초안제출,2022-01-29,통과,1
E000668,P00126,2,예산실1차조정,2022-02-26,통과,1
E000669,P00126,3,경영진검토,2022-03-20,통과,1
E000670,P00126,4,이사회승인,2022-04-04,통과,1
E000671,P00126,5,확정배포,2022-04-23,통과,1
E000672,P00127,1,부서초안제출,2022-02-10,통과,1
E000673,P00127,2,예산실1차조정,2022-03-22,반려,1
E000674,P00127,2,예산실1차조정,2022-04-22,반려,2
E000675,P00128,1,부서초안제출,2022-01-10,통과,1
E000676,P00128,2,예산실1차조정,2022-02-01,통과,1
E000677,P00128,3,경영진검토,2022-03-12,통과,1
E000678,P00128,4,이사회승인,2022-04-04,통과,1
E000679,P00128,5,확정배포,2022-04-20,통과,1
E000680,P00129,1,부서초안제출,2022-02-18,통과,1
E000681,P00129,2,예산실1차조정,2022-03-26,통과,1
E000682,P00129,3,경영진검토,2022-04-30,통과,1
E000683,P00129,4,이사회승인,2022-05-30,통과,1
E000684,P00129,5,확정배포,2022-06-26,통과,1
E000685,P00130,1,부서초안제출,2022-01-21,통과,1
E000686,P00130,2,예산실1차조정,2022-03-06,통과,1
E000687,P00130,3,경영진검토,2022-04-10,통과,1
E000688,P00130,4,이사회승인,2022-05-10,통과,1
E000689,P00130,5,확정배포,2022-05-20,통과,1
E000690,P00131,1,부서초안제출,2023-01-22,통과,1
E000691,P00131,2,예산실1차조정,2023-02-17,통과,1
E000692,P00131,3,경영진검토,2023-03-30,통과,1
E000693,P00131,4,이사회승인,2023-04-23,반려,1
E000694,P00131,4,이사회승인,2023-05-13,통과,2
E000695,P00131,5,확정배포,2023-06-04,반려,1
E000696,P00131,5,확정배포,2023-07-08,통과,2
E000697,P00132,1,부서초안제출,2023-01-28,통과,1
E000698,P00132,2,예산실1차조정,2023-02-08,통과,1
E000699,P00132,3,경영진검토,2023-03-15,통과,1
E000700,P00132,4,이사회승인,2023-04-07,반려,1
E000701,P00132,4,이사회승인,2023-04-23,반려,2
E000702,P00133,1,부서초안제출,2023-01-17,통과,1
E000703,P00133,2,예산실1차조정,2023-02-27,반려,1
E000704,P00133,2,예산실1차조정,2023-04-06,통과,2
E000705,P00133,3,경영진검토,2023-04-21,통과,1
E000706,P00133,4,이사회승인,2023-05-26,반려,1
E000707,P00133,4,이사회승인,2023-07-01,통과,2
E000708,P00133,5,확정배포,2023-08-07,통과,1
E000709,P00134,1,부서초안제출,2023-02-05,통과,1
E000710,P00134,2,예산실1차조정,2023-02-28,통과,1
E000711,P00134,3,경영진검토,2023-03-14,통과,1
E000712,P00134,4,이사회승인,2023-04-01,반려,1
E000713,P00134,4,이사회승인,2023-05-08,반려,2
E000714,P00135,1,부서초안제출,2023-01-16,통과,1
E000715,P00135,2,예산실1차조정,,통과,1
E000716,P00135,3,경영진검토,2023-02-28,통과,1
E000717,P00135,4,이사회승인,2023-03-26,반려,1
E000718,P00135,4,이사회승인,2023-04-11,통과,2
E000719,P00135,5,확정배포,2023-05-01,통과,1
E000720,P00136,1,부서초안제출,2023-02-22,통과,1
E000721,P00136,2,예산실1차조정,2023-03-14,반려,1
E000722,P00136,2,예산실1차조정,2023-03-26,통과,2
E000723,P00136,3,경영진검토,2023-05-07,반려,1
E000724,P00136,3,경영진검토,2023-06-07,통과,2
E000725,P00136,4,이사회승인,2023-07-21,반려,1
E000726,P00136,4,이사회승인,,통과,2
E000727,P00136,5,확정배포,2023-09-23,통과,1
E000728,P00137,1,부서초안제출,2023-02-13,통과,1
E000729,P00137,2,예산실1차조정,2023-03-11,통과,1
E000730,P00137,3,경영진검토,2023-04-12,통과,1
E000731,P00137,4,이사회승인,2023-05-21,반려,1
E000732,P00137,4,이사회승인,2023-06-02,반려,2
E000733,P00138,1,부서초안제출,2023-03-05,통과,1
E000734,P00138,2,예산실1차조정,2023-03-20,통과,1
E000735,P00138,3,경영진검토,2023-04-10,통과,1
E000736,P00138,4,이사회승인,2023-05-05,반려,1
E000737,P00138,4,이사회승인,2023-05-27,통과,2
E000738,P00138,5,확정배포,2023-06-13,통과,1
E000739,P00139,1,부서초안제출,2024-02-17,통과,1
E000740,P00139,2,예산실1차조정,2024-03-31,통과,1
E000741,P00139,3,경영진검토,2024-05-05,통과,1
E000742,P00139,4,이사회승인,2024-05-21,반려,1
E000743,P00139,4,이사회승인,2024-06-26,통과,2
E000744,P00139,5,확정배포,2024-07-10,통과,1
E000745,P00140,1,부서초안제출,2024-03-13,통과,1
E000746,P00140,2,예산실1차조정,2024-04-01,통과,1
E000747,P00140,3,경영진검토,2024-05-05,통과,1
E000748,P00140,4,이사회승인,2024-05-23,통과,1
E000749,P00140,5,확정배포,2024-07-01,통과,1
E000750,P00141,1,부서초안제출,2024-01-16,통과,1
E000751,P00141,2,예산실1차조정,2024-02-25,통과,1
E000752,P00141,3,경영진검토,2024-03-07,통과,1
E000753,P00141,4,이사회승인,2024-03-21,반려,1
E000754,P00141,4,이사회승인,2024-04-13,통과,2
E000755,P00141,5,확정배포,2024-04-29,통과,1
E000756,P00142,1,부서초안제출,2024-01-15,통과,1
E000757,P00142,2,예산실1차조정,2024-02-12,통과,1
E000758,P00142,3,경영진검토,2024-03-15,통과,1
E000759,P00142,4,이사회승인,2024-04-02,통과,1
E000760,P00142,5,확정배포,2024-05-14,통과,1
E000761,P00143,1,부서초안제출,2024-03-13,통과,1
E000762,P00143,2,예산실1차조정,2024-03-26,통과,1
E000763,P00143,3,경영진검토,2024-04-13,통과,1
E000764,P00143,4,이사회승인,2024-05-03,반려,1
E000765,P00143,4,이사회승인,2024-06-04,통과,2
E000766,P00143,5,확정배포,2024-06-23,통과,1
E000767,P00144,1,부서초안제출,2025-03-12,통과,1
E000768,P00144,2,예산실1차조정,2025-04-05,통과,1
E000769,P00144,3,경영진검토,2025-05-14,통과,1
E000770,P00144,4,이사회승인,2025-06-08,통과,1
E000771,P00144,5,확정배포,2025-07-15,통과,1
E000772,P00145,1,부서초안제출,2025-01-19,통과,1
E000773,P00145,2,예산실1차조정,2025-02-27,반려,1
E000774,P00145,2,예산실1차조정,2025-03-27,통과,2
E000775,P00145,3,경영진검토,2025-04-16,통과,1
E000776,P00145,4,이사회승인,2025-05-01,반려,1
E000777,P00145,4,이사회승인,2025-06-12,통과,2
E000778,P00145,5,확정배포,2025-06-28,통과,1
E000779,P00146,1,부서초안제출,2025-02-09,통과,1
E000780,P00146,2,예산실1차조정,2025-03-12,통과,1
E000781,P00146,3,경영진검토,2025-04-01,통과,1
E000782,P00146,4,이사회승인,2025-04-28,통과,1
E000783,P00146,5,확정배포,2025-05-28,통과,1
E000784,P00147,1,부서초안제출,2025-03-01,통과,1
E000785,P00147,2,예산실1차조정,2025-03-19,통과,1
E000786,P00147,3,경영진검토,2025-04-09,반려,1
E000787,P00147,3,경영진검토,2025-05-16,통과,2
E000788,P00147,4,이사회승인,2025-05-31,통과,1
E000789,P00147,5,확정배포,2025-07-14,통과,1
E000790,P00148,1,부서초안제출,2026-03-15,통과,1
E000791,P00148,2,예산실1차조정,2026-04-15,통과,1
E000792,P00148,3,경영진검토,2026-05-25,통과,1
E000793,P00148,4,이사회승인,2026-06-20,통과,1
E000794,P00148,5,확정배포,2026-07-30,통과,1
E000795,P00149,1,부서초안제출,2026-01-18,통과,1
E000796,P00149,2,예산실1차조정,2026-02-18,통과,1
E000797,P00149,3,경영진검토,2026-04-01,통과,1
E000798,P00149,4,이사회승인,2026-05-05,통과,1
E000799,P00149,5,확정배포,2026-06-12,통과,1
E000800,P00150,1,부서초안제출,2026-03-06,통과,1
E000801,P00150,2,예산실1차조정,2026-04-15,반려,1
E000802,P00150,2,예산실1차조정,2026-04-26,통과,2
E000803,P00150,3,경영진검토,2026-05-13,반려,1
E000804,P00150,3,경영진검토,2026-06-18,통과,2
E000805,P00150,4,이사회승인,2026-07-12,통과,1
E000806,P00150,5,확정배포,2026-08-18,통과,1
E000807,P00151,1,부서초안제출,2026-01-26,통과,1
E000808,P00151,2,예산실1차조정,2026-03-10,반려,1
E000809,P00151,2,예산실1차조정,2026-04-21,통과,2
E000810,P00151,3,경영진검토,2026-05-19,통과,1
E000811,P00151,4,이사회승인,2026-05-29,반려,1
E000812,P00151,4,이사회승인,2026-07-09,통과,2
E000813,P00151,5,확정배포,2026-07-23,반려,1
E000814,P00151,5,확정배포,2026-08-06,통과,2
E000815,P00152,1,부서초안제출,2022-03-11,통과,1
E000816,P00152,2,예산실1차조정,2022-03-31,통과,1
E000817,P00152,3,경영진검토,2022-04-17,통과,1
E000818,P00152,4,이사회승인,2022-04-30,통과,1
E000819,P00152,5,확정배포,2022-05-12,통과,1
E000820,P00153,1,부서초안제출,2022-01-07,통과,1
E000821,P00153,2,예산실1차조정,2022-02-13,통과,1
E000822,P00153,3,경영진검토,2022-03-27,통과,1
E000823,P00153,4,이사회승인,2022-04-30,통과,1
E000824,P00153,5,확정배포,2022-05-24,통과,1
E000825,P00154,1,부서초안제출,2022-03-01,통과,1
E000826,P00154,2,예산실1차조정,2022-04-07,통과,1
E000827,P00154,3,경영진검토,,반려,1
E000828,P00154,3,경영진검토,2022-06-25,통과,2
E000829,P00154,4,이사회승인,2022-07-07,통과,1
E000830,P00154,5,확정배포,2022-08-08,통과,1
E000831,P00155,1,부서초안제출,2022-03-10,통과,1
E000832,P00155,2,예산실1차조정,2022-03-31,통과,1
E000833,P00155,3,경영진검토,2022-04-29,통과,1
E000834,P00155,4,이사회승인,2022-05-20,반려,1
E000835,P00155,4,이사회승인,2022-06-23,통과,2
E000836,P00155,5,확정배포,2022-07-29,통과,1
E000837,P00156,1,부서초안제출,2022-02-03,통과,1
E000838,P00156,2,예산실1차조정,2022-02-24,반려,1
E000839,P00156,2,예산실1차조정,2022-03-21,통과,2
E000840,P00156,3,경영진검토,2022-04-16,통과,1
E000841,P00156,4,이사회승인,2022-05-15,통과,1
E000842,P00156,5,확정배포,2022-06-19,통과,1
E000843,P00157,1,부서초안제출,2022-03-11,통과,1
E000844,P00157,2,예산실1차조정,2022-04-24,통과,1
E000845,P00157,3,경영진검토,2022-05-29,통과,1
E000846,P00157,4,이사회승인,2022-06-19,통과,1
E000847,P00157,5,확정배포,2022-07-16,통과,1
E000848,P00158,1,부서초안제출,2022-02-14,통과,1
E000849,P00158,2,예산실1차조정,2022-03-02,통과,1
E000850,P00158,3,경영진검토,2022-03-24,통과,1
E000851,P00158,4,이사회승인,2022-04-17,철회,1
E000852,P00159,1,부서초안제출,2022-01-17,통과,1
E000853,P00159,2,예산실1차조정,2022-02-15,통과,1
E000854,P00159,3,경영진검토,2022-03-03,통과,1
E000855,P00159,4,이사회승인,2022-03-24,반려,1
E000856,P00159,4,이사회승인,2022-04-08,반려,2
E000857,P00160,1,부서초안제출,2022-01-18,통과,1
E000858,P00160,2,예산실1차조정,2022-02-14,반려,1
E000859,P00160,2,예산실1차조정,2022-03-25,통과,2
E000860,P00160,3,경영진검토,2022-04-16,통과,1
E000861,P00160,4,이사회승인,2022-05-04,반려,1
E000862,P00160,4,이사회승인,2022-05-14,통과,2
E000863,P00160,5,확정배포,2022-06-27,통과,1
E000864,P00161,1,부서초안제출,2022-01-31,통과,1
E000865,P00161,2,예산실1차조정,2022-03-14,반려,1
E000866,P00161,2,예산실1차조정,2022-03-31,통과,2
E000867,P00161,3,경영진검토,2022-04-20,반려,1
E000868,P00161,3,경영진검토,2022-06-01,통과,2
E000869,P00161,4,이사회승인,,통과,1
E000870,P00161,5,확정배포,2022-07-24,통과,1
E000871,P00162,1,부서초안제출,2023-02-13,통과,1
E000872,P00162,2,예산실1차조정,2023-03-17,통과,1
E000873,P00162,3,경영진검토,2023-04-14,통과,1
E000874,P00162,4,이사회승인,2023-04-28,통과,1
E000875,P00162,5,확정배포,2023-05-11,통과,1
E000876,P00163,1,부서초안제출,2023-02-26,통과,1
E000877,P00163,2,예산실1차조정,2023-03-11,통과,1
E000878,P00163,3,경영진검토,2023-03-27,통과,1
E000879,P00163,4,이사회승인,2023-05-08,통과,1
E000880,P00163,5,확정배포,2023-06-07,통과,1
E000881,P00164,1,부서초안제출,2023-02-08,통과,1
E000882,P00164,2,예산실1차조정,2023-03-11,통과,1
E000883,P00164,3,경영진검토,2023-04-11,통과,1
E000884,P00164,4,이사회승인,2023-05-22,반려,1
E000885,P00164,4,이사회승인,2023-06-12,통과,2
E000886,P00164,5,확정배포,2023-07-11,통과,1
E000887,P00165,1,부서초안제출,2023-01-11,통과,1
E000888,P00165,2,예산실1차조정,2023-02-15,통과,1
E000889,P00165,3,경영진검토,2023-03-29,통과,1
E000890,P00165,4,이사회승인,,통과,1
E000891,P00165,5,확정배포,2023-05-20,통과,1
E000892,P00166,1,부서초안제출,2023-02-23,통과,1
E000893,P00166,2,예산실1차조정,2023-03-13,반려,1
E000894,P00166,2,예산실1차조정,2023-04-13,통과,2
E000895,P00166,3,경영진검토,2023-04-24,통과,1
E000896,P00166,4,이사회승인,2023-05-07,통과,1
E000897,P00166,5,확정배포,2023-06-16,통과,1
E000898,P00167,1,부서초안제출,2023-01-17,통과,1
E000899,P00167,2,예산실1차조정,2023-01-31,반려,1
E000900,P00167,2,예산실1차조정,2023-03-10,통과,2
E000901,P00167,3,경영진검토,2023-04-07,반려,1
E000902,P00167,3,경영진검토,2023-04-17,통과,2
E000903,P00167,4,이사회승인,2023-05-13,철회,1
E000904,P00168,1,부서초안제출,2023-02-27,통과,1
E000905,P00168,2,예산실1차조정,2023-03-17,통과,1
E000906,P00168,3,경영진검토,2023-04-29,반려,1
E000907,P00168,3,경영진검토,2023-05-11,통과,2
E000908,P00168,4,이사회승인,2023-06-11,반려,1
E000909,P00168,4,이사회승인,2023-07-08,반려,2
E000910,P00169,1,부서초안제출,2023-01-12,통과,1
E000911,P00169,2,예산실1차조정,,통과,1
E000912,P00169,3,경영진검토,2023-03-08,통과,1
E000913,P00169,4,이사회승인,,통과,1
E000914,P00169,5,확정배포,2023-04-26,통과,1
E000915,P00170,1,부서초안제출,2023-02-24,통과,1
E000916,P00170,2,예산실1차조정,2023-03-22,통과,1
E000917,P00170,3,경영진검토,2023-04-23,반려,1
E000918,P00170,3,경영진검토,2023-05-16,통과,2
E000919,P00170,4,이사회승인,2023-06-11,통과,1
E000920,P00170,5,확정배포,2023-07-23,반려,1
E000921,P00170,5,확정배포,2023-08-20,통과,2
E000922,P00171,1,부서초안제출,2024-02-20,통과,1
E000923,P00171,2,예산실1차조정,2024-03-24,통과,1
E000924,P00171,3,경영진검토,2024-04-07,통과,1
E000925,P00171,4,이사회승인,2024-04-26,통과,1
E000926,P00171,5,확정배포,2024-05-07,반려,1
E000927,P00171,5,확정배포,2024-06-01,통과,2
E000928,P00172,1,부서초안제출,2024-01-15,통과,1
E000929,P00172,2,예산실1차조정,2024-01-29,통과,1
E000930,P00172,3,경영진검토,2024-02-14,통과,1
E000931,P00172,4,이사회승인,2024-03-19,통과,1
E000932,P00172,5,확정배포,2024-04-22,통과,1
E000933,P00173,1,부서초안제출,2024-02-01,통과,1
E000934,P00173,2,예산실1차조정,2024-02-23,철회,1
E000935,P00174,1,부서초안제출,2024-02-16,통과,1
E000936,P00174,2,예산실1차조정,2024-03-23,통과,1
E000937,P00174,3,경영진검토,2024-04-05,통과,1
E000938,P00174,4,이사회승인,2024-05-11,통과,1
E000939,P00174,5,확정배포,2024-06-18,통과,1
E000940,P00175,1,부서초안제출,2024-01-11,통과,1
E000941,P00175,2,예산실1차조정,2024-01-21,통과,1
E000942,P00175,3,경영진검토,2024-02-03,반려,1
E000943,P00175,3,경영진검토,2024-03-11,통과,2
E000944,P00175,4,이사회승인,2024-03-29,통과,1
E000945,P00175,5,확정배포,2024-05-04,통과,1
E000946,P00176,1,부서초안제출,2025-03-11,통과,1
E000947,P00176,2,예산실1차조정,2025-04-02,통과,1
E000948,P00176,3,경영진검토,2025-04-27,통과,1
E000949,P00176,4,이사회승인,2025-05-13,통과,1
E000950,P00176,5,확정배포,2025-05-23,통과,1
E000951,P00177,1,부서초안제출,2025-01-01,통과,1
E000952,P00177,2,예산실1차조정,2025-01-27,통과,1
E000953,P00177,3,경영진검토,2025-03-03,통과,1
E000954,P00177,4,이사회승인,2025-04-15,통과,1
E000955,P00177,5,확정배포,2025-04-25,통과,1
E000956,P00178,1,부서초안제출,2025-03-11,통과,1
E000957,P00178,2,예산실1차조정,2025-04-20,반려,1
E000958,P00178,2,예산실1차조정,2025-05-17,통과,2
E000959,P00178,3,경영진검토,2025-06-10,통과,1
E000960,P00178,4,이사회승인,2025-07-19,반려,1
E000961,P00178,4,이사회승인,2025-08-05,통과,2
E000962,P00178,5,확정배포,2025-08-14,철회,1
E000963,P00179,1,부서초안제출,2025-01-31,통과,1
E000964,P00179,2,예산실1차조정,2025-02-23,통과,1
E000965,P00179,3,경영진검토,2025-03-18,통과,1
E000966,P00179,4,이사회승인,2025-04-06,반려,1
E000967,P00179,4,이사회승인,2025-05-02,통과,2
E000968,P00179,5,확정배포,2025-05-28,통과,1
E000969,P00180,1,부서초안제출,2025-01-20,통과,1
E000970,P00180,2,예산실1차조정,2025-02-06,통과,1
E000971,P00180,3,경영진검토,2025-03-07,통과,1
E000972,P00180,4,이사회승인,2025-03-21,통과,1
E000973,P00180,5,확정배포,2025-05-01,통과,1
E000974,P00181,1,부서초안제출,2025-03-12,통과,1
E000975,P00181,2,예산실1차조정,2025-04-14,통과,1
E000976,P00181,3,경영진검토,2025-05-28,통과,1
E000977,P00181,4,이사회승인,2025-07-04,반려,1
E000978,P00181,4,이사회승인,2025-07-20,통과,2
E000979,P00181,5,확정배포,2025-08-20,통과,1
E000980,P00182,1,부서초안제출,2026-03-12,통과,1
E000981,P00182,2,예산실1차조정,2026-03-25,통과,1
E000982,P00182,3,경영진검토,2026-04-13,통과,1
E000983,P00182,4,이사회승인,2026-04-29,통과,1
E000984,P00182,5,확정배포,2026-05-20,통과,1
E000985,P00183,1,부서초안제출,2026-01-07,통과,1
E000986,P00183,2,예산실1차조정,2026-02-06,반려,1
E000987,P00183,2,예산실1차조정,2026-03-22,통과,2
E000988,P00183,3,경영진검토,2026-05-03,통과,1
E000989,P00183,4,이사회승인,2026-05-24,반려,1
E000990,P00183,4,이사회승인,2026-06-19,통과,2
E000991,P00183,5,확정배포,2026-07-30,통과,1
E000992,P00184,1,부서초안제출,2026-02-27,통과,1
E000993,P00184,2,예산실1차조정,2026-03-19,반려,1
E000994,P00184,2,예산실1차조정,2026-04-13,통과,2
E000995,P00184,3,경영진검토,2026-05-19,통과,1
E000996,P00184,4,이사회승인,2026-06-23,통과,1
E000997,P00184,5,확정배포,2026-07-30,통과,1
E000998,P00185,1,부서초안제출,2026-02-26,통과,1
E000999,P00185,2,예산실1차조정,2026-03-17,통과,1
E001000,P00185,3,경영진검토,2026-04-29,통과,1
E001001,P00185,4,이사회승인,2026-05-22,통과,1
E001002,P00185,5,확정배포,2026-07-03,통과,1
E001003,P00186,1,부서초안제출,2026-02-01,통과,1
E001004,P00186,2,예산실1차조정,2026-02-27,통과,1
E001005,P00186,3,경영진검토,2026-03-18,통과,1
E001006,P00186,4,이사회승인,2026-04-16,반려,1
E001007,P00186,4,이사회승인,2026-05-10,통과,2
E001008,P00186,5,확정배포,2026-05-20,반려,1
E001009,P00186,5,확정배포,2026-06-26,통과,2
E001010,P00187,1,부서초안제출,2026-01-13,통과,1
E001011,P00187,2,예산실1차조정,2026-01-27,반려,1
E001012,P00187,2,예산실1차조정,2026-02-16,통과,2
E001013,P00187,3,경영진검토,2026-03-18,통과,1
E001014,P00187,4,이사회승인,2026-04-10,통과,1
E001015,P00187,5,확정배포,2026-05-15,통과,1
E001016,P00188,1,부서초안제출,,통과,1
E001017,P00188,2,예산실1차조정,2022-01-18,통과,1
E001018,P00188,3,경영진검토,2022-02-20,반려,1
E001019,P00188,3,경영진검토,2022-03-11,통과,2
E001020,P00188,4,이사회승인,2022-03-27,반려,1
E001021,P00188,4,이사회승인,2022-04-23,통과,2
E001022,P00188,5,확정배포,2022-05-18,반려,1
E001023,P00188,5,확정배포,2022-06-23,통과,2
E001024,P00189,1,부서초안제출,2022-02-04,통과,1
E001025,P00189,2,예산실1차조정,2022-03-18,통과,1
E001026,P00189,3,경영진검토,2022-03-31,반려,1
E001027,P00189,3,경영진검토,2022-04-22,통과,2
E001028,P00189,4,이사회승인,2022-05-13,통과,1
E001029,P00189,5,확정배포,2022-06-11,통과,1
E001030,P00190,1,부서초안제출,2022-03-09,통과,1
E001031,P00190,2,예산실1차조정,2022-04-08,통과,1
E001032,P00190,3,경영진검토,2022-04-19,통과,1
E001033,P00190,4,이사회승인,2022-05-26,반려,1
E001034,P00190,4,이사회승인,2022-07-08,반려,2
E001035,P00191,1,부서초안제출,2022-02-06,통과,1
E001036,P00191,2,예산실1차조정,2022-02-20,통과,1
E001037,P00191,3,경영진검토,2022-03-31,통과,1
E001038,P00191,4,이사회승인,2022-04-12,통과,1
E001039,P00191,5,확정배포,2022-05-16,통과,1
E001040,P00192,1,부서초안제출,2023-01-25,통과,1
E001041,P00192,2,예산실1차조정,2023-02-17,반려,1
E001042,P00192,2,예산실1차조정,2023-02-27,통과,2
E001043,P00192,3,경영진검토,2023-03-22,통과,1
E001044,P00192,4,이사회승인,2023-05-02,통과,1
E001045,P00192,5,확정배포,2023-06-08,통과,1
E001046,P00193,1,부서초안제출,2023-02-10,통과,1
E001047,P00193,2,예산실1차조정,2023-03-26,통과,1
E001048,P00193,3,경영진검토,2023-04-29,통과,1
E001049,P00193,4,이사회승인,2023-06-04,반려,1
E001050,P00193,4,이사회승인,2023-07-04,통과,2
E001051,P00193,5,확정배포,2023-08-05,통과,1
E001052,P00194,1,부서초안제출,2023-02-09,통과,1
E001053,P00194,2,예산실1차조정,2023-03-21,통과,1
E001054,P00194,3,경영진검토,2023-04-26,통과,1
E001055,P00194,4,이사회승인,2023-05-28,통과,1
E001056,P00194,5,확정배포,2023-06-17,통과,1
E001057,P00195,1,부서초안제출,2023-01-16,통과,1
E001058,P00195,2,예산실1차조정,2023-01-28,통과,1
E001059,P00195,3,경영진검토,2023-02-13,통과,1
E001060,P00195,4,이사회승인,2023-03-02,통과,1
E001061,P00195,5,확정배포,2023-03-22,통과,1
E001062,P00196,1,부서초안제출,2023-02-16,통과,1
E001063,P00196,2,예산실1차조정,2023-02-27,반려,1
E001064,P00196,2,예산실1차조정,2023-03-19,통과,2
E001065,P00196,3,경영진검토,2023-04-24,통과,1
E001066,P00196,4,이사회승인,2023-05-31,통과,1
E001067,P00196,5,확정배포,,통과,1
E001068,P00197,1,부서초안제출,2023-02-16,통과,1
E001069,P00197,2,예산실1차조정,2023-04-01,통과,1
E001070,P00197,3,경영진검토,2023-04-16,통과,1
E001071,P00197,4,이사회승인,2023-05-06,통과,1
E001072,P00197,5,확정배포,2023-06-14,통과,1
E001073,P00198,1,부서초안제출,2024-01-02,통과,1
E001074,P00198,2,예산실1차조정,2024-01-26,반려,1
E001075,P00198,2,예산실1차조정,2024-02-16,통과,2
E001076,P00198,3,경영진검토,2024-03-04,통과,1
E001077,P00198,4,이사회승인,2024-03-19,반려,1
E001078,P00198,4,이사회승인,2024-04-11,통과,2
E001079,P00198,5,확정배포,2024-04-24,통과,1
E001080,P00199,1,부서초안제출,2024-02-21,통과,1
E001081,P00199,2,예산실1차조정,2024-03-24,통과,1
E001082,P00199,3,경영진검토,2024-04-05,통과,1
E001083,P00199,4,이사회승인,2024-04-15,통과,1
E001084,P00199,5,확정배포,2024-05-20,통과,1
E001085,P00200,1,부서초안제출,2024-01-06,통과,1
E001086,P00200,2,예산실1차조정,2024-01-19,반려,1
E001087,P00200,2,예산실1차조정,2024-02-23,통과,2
E001088,P00200,3,경영진검토,2024-03-12,통과,1
E001089,P00200,4,이사회승인,2024-03-22,반려,1
E001090,P00200,4,이사회승인,2024-04-18,통과,2
E001091,P00200,5,확정배포,2024-05-31,통과,1
E001092,P00201,1,부서초안제출,2024-01-04,통과,1
E001093,P00201,2,예산실1차조정,2024-02-15,통과,1
E001094,P00201,3,경영진검토,2024-03-19,통과,1
E001095,P00201,4,이사회승인,2024-04-07,통과,1
E001096,P00201,5,확정배포,2024-05-03,통과,1
E001097,P00202,1,부서초안제출,2025-01-28,통과,1
E001098,P00202,2,예산실1차조정,2025-02-14,통과,1
E001099,P00202,3,경영진검토,2025-03-17,반려,1
E001100,P00202,3,경영진검토,2025-03-30,통과,2
E001101,P00202,4,이사회승인,2025-04-09,철회,1
E001102,P00203,1,부서초안제출,2025-01-09,통과,1
E001103,P00203,2,예산실1차조정,2025-01-20,통과,1
E001104,P00203,3,경영진검토,2025-02-02,통과,1
E001105,P00203,4,이사회승인,2025-02-14,통과,1
E001106,P00203,5,확정배포,2025-02-26,철회,1
E001107,P00204,1,부서초안제출,2025-02-14,통과,1
E001108,P00204,2,예산실1차조정,2025-03-09,통과,1
E001109,P00204,3,경영진검토,2025-03-25,통과,1
E001110,P00204,4,이사회승인,2025-04-28,반려,1
E001111,P00204,4,이사회승인,2025-06-03,반려,2
E001112,P00205,1,부서초안제출,2025-01-16,통과,1
E001113,P00205,2,예산실1차조정,2025-02-03,통과,1
E001114,P00205,3,경영진검토,2025-03-03,반려,1
E001115,P00205,3,경영진검토,2025-04-05,통과,2
E001116,P00205,4,이사회승인,2025-05-17,통과,1
E001117,P00205,5,확정배포,2025-06-13,통과,1
E001118,P00206,1,부서초안제출,2025-01-11,통과,1
E001119,P00206,2,예산실1차조정,2025-01-23,통과,1
E001120,P00206,3,경영진검토,2025-03-03,반려,1
E001121,P00206,3,경영진검토,2025-03-16,통과,2
E001122,P00206,4,이사회승인,2025-03-27,반려,1
E001123,P00206,4,이사회승인,2025-04-30,반려,2
E001124,P00207,1,부서초안제출,2025-01-05,통과,1
E001125,P00207,2,예산실1차조정,2025-02-12,통과,1
E001126,P00207,3,경영진검토,2025-02-28,통과,1
E001127,P00207,4,이사회승인,2025-04-12,통과,1
E001128,P00207,5,확정배포,2025-05-05,통과,1
E001129,P00208,1,부서초안제출,2025-03-16,통과,1
E001130,P00208,2,예산실1차조정,2025-04-06,통과,1
E001131,P00208,3,경영진검토,2025-05-02,통과,1
E001132,P00208,4,이사회승인,2025-06-07,반려,1
E001133,P00208,4,이사회승인,2025-07-07,반려,2
E001134,P00209,1,부서초안제출,2025-01-15,통과,1
E001135,P00209,2,예산실1차조정,2025-02-16,통과,1
E001136,P00209,3,경영진검토,2025-03-25,통과,1
E001137,P00209,4,이사회승인,2025-04-07,반려,1
E001138,P00209,4,이사회승인,2025-05-06,통과,2
E001139,P00209,5,확정배포,2025-06-08,통과,1
E001140,P00210,1,부서초안제출,2025-01-02,통과,1
E001141,P00210,2,예산실1차조정,2025-02-06,통과,1
E001142,P00210,3,경영진검토,2025-03-13,반려,1
E001143,P00210,3,경영진검토,2025-04-07,통과,2
E001144,P00210,4,이사회승인,2025-04-26,통과,1
E001145,P00210,5,확정배포,2025-05-18,통과,1
E001146,P00211,1,부서초안제출,2025-01-13,통과,1
E001147,P00211,2,예산실1차조정,2025-02-05,통과,1
E001148,P00211,3,경영진검토,2025-02-22,통과,1
E001149,P00211,4,이사회승인,2025-03-15,반려,1
E001150,P00211,4,이사회승인,2025-04-22,통과,2
E001151,P00211,5,확정배포,2025-05-30,반려,1
E001152,P00211,5,확정배포,2025-06-15,통과,2
E001153,P00212,1,부서초안제출,2025-01-31,통과,1
E001154,P00212,2,예산실1차조정,2025-03-04,통과,1
E001155,P00212,3,경영진검토,2025-04-01,통과,1
E001156,P00212,4,이사회승인,2025-04-17,반려,1
E001157,P00212,4,이사회승인,2025-04-28,반려,2
E001158,P00213,1,부서초안제출,2026-03-04,통과,1
E001159,P00213,2,예산실1차조정,2026-04-03,반려,1
E001160,P00213,2,예산실1차조정,2026-05-15,통과,2
E001161,P00213,3,경영진검토,2026-06-24,통과,1
E001162,P00213,4,이사회승인,2026-07-20,통과,1
E001163,P00213,5,확정배포,2026-08-10,통과,1
E001164,P00214,1,부서초안제출,2026-03-04,통과,1
E001165,P00214,2,예산실1차조정,2026-04-17,통과,1
E001166,P00214,3,경영진검토,2026-05-04,통과,1
E001167,P00214,4,이사회승인,2026-05-24,통과,1
E001168,P00214,5,확정배포,2026-07-04,통과,1
E001169,P00215,1,부서초안제출,2026-03-13,통과,1
E001170,P00215,2,예산실1차조정,2026-04-21,통과,1
E001171,P00215,3,경영진검토,2026-05-19,반려,1
E001172,P00215,3,경영진검토,2026-05-29,통과,2
E001173,P00215,4,이사회승인,2026-06-13,통과,1
E001174,P00215,5,확정배포,2026-07-06,통과,1
E001175,P00216,1,부서초안제출,2026-01-01,통과,1
E001176,P00216,2,예산실1차조정,2026-01-26,통과,1
E001177,P00216,3,경영진검토,2026-02-06,통과,1
E001178,P00216,4,이사회승인,2026-03-21,통과,1
E001179,P00216,5,확정배포,2026-04-08,통과,1
E001180,P00217,1,부서초안제출,2026-02-07,통과,1
E001181,P00217,2,예산실1차조정,2026-03-08,통과,1
E001182,P00217,3,경영진검토,2026-04-11,통과,1
E001183,P00217,4,이사회승인,2026-05-06,철회,1
E001184,P00218,1,부서초안제출,2026-02-16,통과,1
E001185,P00218,2,예산실1차조정,2026-03-06,통과,1
E001186,P00218,3,경영진검토,2026-04-03,통과,1
E001187,P00218,4,이사회승인,2026-04-29,반려,1
E001188,P00218,4,이사회승인,2026-05-31,통과,2
E001189,P00218,5,확정배포,2026-07-02,통과,1
E001190,P00219,1,부서초안제출,2026-02-26,통과,1
E001191,P00219,2,예산실1차조정,2026-03-17,반려,1
E001192,P00219,2,예산실1차조정,2026-04-20,통과,2
E001193,P00219,3,경영진검토,2026-05-13,반려,1
E001194,P00219,3,경영진검토,2026-05-23,통과,2
E001195,P00219,4,이사회승인,2026-06-14,통과,1
E001196,P00219,5,확정배포,2026-06-24,통과,1
E001197,P00220,1,부서초안제출,2026-01-16,통과,1
E001198,P00220,2,예산실1차조정,2026-02-10,반려,1
E001199,P00220,2,예산실1차조정,2026-03-19,통과,2
E001200,P00220,3,경영진검토,2026-04-20,반려,1
E001201,P00220,3,경영진검토,2026-05-17,통과,2
E001202,P00220,4,이사회승인,2026-05-30,반려,1
E001203,P00220,4,이사회승인,2026-06-24,통과,2
E001204,P00220,5,확정배포,2026-07-18,통과,1
E001205,P00221,1,부서초안제출,2022-01-03,통과,1
E001206,P00221,2,예산실1차조정,2022-02-10,통과,1
E001207,P00221,3,경영진검토,2022-02-28,반려,1
E001208,P00221,3,경영진검토,2022-04-11,통과,2
E001209,P00221,4,이사회승인,2022-05-19,통과,1
E001210,P00221,5,확정배포,2022-06-08,통과,1
E001211,P00222,1,부서초안제출,2022-01-15,통과,1
E001212,P00222,2,예산실1차조정,2022-02-06,반려,1
E001213,P00222,2,예산실1차조정,2022-03-18,통과,2
E001214,P00222,3,경영진검토,2022-04-28,통과,1
E001215,P00222,4,이사회승인,2022-05-27,통과,1
E001216,P00222,5,확정배포,2022-06-29,통과,1
E001217,P00223,1,부서초안제출,2022-01-19,통과,1
E001218,P00223,2,예산실1차조정,,통과,1
E001219,P00223,3,경영진검토,2022-03-21,통과,1
E001220,P00223,4,이사회승인,2022-04-08,통과,1
E001221,P00223,5,확정배포,2022-05-16,통과,1
E001222,P00224,1,부서초안제출,2022-03-16,통과,1
E001223,P00224,2,예산실1차조정,2022-04-15,반려,1
E001224,P00224,2,예산실1차조정,2022-05-06,통과,2
E001225,P00224,3,경영진검토,2022-06-10,반려,1
E001226,P00224,3,경영진검토,2022-06-22,통과,2
E001227,P00224,4,이사회승인,2022-08-05,반려,1
E001228,P00224,4,이사회승인,2022-08-17,반려,2
E001229,P00225,1,부서초안제출,2022-02-03,통과,1
E001230,P00225,2,예산실1차조정,2022-03-03,통과,1
E001231,P00225,3,경영진검토,2022-03-16,통과,1
E001232,P00225,4,이사회승인,2022-04-14,통과,1
E001233,P00225,5,확정배포,2022-05-02,통과,1
E001234,P00226,1,부서초안제출,2022-02-15,통과,1
E001235,P00226,2,예산실1차조정,2022-02-27,통과,1
E001236,P00226,3,경영진검토,2022-03-18,통과,1
E001237,P00226,4,이사회승인,2022-04-10,통과,1
E001238,P00226,5,확정배포,2022-05-17,통과,1
E001239,P00227,1,부서초안제출,2022-03-03,통과,1
E001240,P00227,2,예산실1차조정,2022-04-02,통과,1
E001241,P00227,3,경영진검토,2022-05-11,통과,1
E001242,P00227,4,이사회승인,2022-06-02,반려,1
E001243,P00227,4,이사회승인,2022-06-20,통과,2
E001244,P00227,5,확정배포,2022-07-05,통과,1
E001245,P00228,1,부서초안제출,2022-03-13,통과,1
E001246,P00228,2,예산실1차조정,2022-04-09,통과,1
E001247,P00228,3,경영진검토,2022-05-19,통과,1
E001248,P00228,4,이사회승인,2022-06-30,반려,1
E001249,P00228,4,이사회승인,2022-08-09,통과,2
E001250,P00228,5,확정배포,2022-09-13,통과,1
E001251,P00229,1,부서초안제출,2023-01-02,통과,1
E001252,P00229,2,예산실1차조정,2023-01-28,통과,1
E001253,P00229,3,경영진검토,2023-03-07,통과,1
E001254,P00229,4,이사회승인,2023-04-20,통과,1
E001255,P00229,5,확정배포,2023-06-02,통과,1
E001256,P00230,1,부서초안제출,2023-01-17,통과,1
E001257,P00230,2,예산실1차조정,2023-02-01,철회,1
E001258,P00231,1,부서초안제출,2023-02-11,통과,1
E001259,P00231,2,예산실1차조정,,통과,1
E001260,P00231,3,경영진검토,2023-03-23,통과,1
E001261,P00231,4,이사회승인,2023-04-12,통과,1
E001262,P00231,5,확정배포,2023-04-26,통과,1
E001263,P00232,1,부서초안제출,2023-02-23,통과,1
E001264,P00232,2,예산실1차조정,2023-03-15,통과,1
E001265,P00232,3,경영진검토,2023-04-21,통과,1
E001266,P00232,4,이사회승인,2023-05-07,반려,1
E001267,P00232,4,이사회승인,2023-06-20,반려,2
E001268,P00233,1,부서초안제출,2023-01-07,통과,1
E001269,P00233,2,예산실1차조정,2023-02-16,반려,1
E001270,P00233,2,예산실1차조정,2023-03-10,통과,2
E001271,P00233,3,경영진검토,2023-04-15,통과,1
E001272,P00233,4,이사회승인,2023-05-12,반려,1
E001273,P00233,4,이사회승인,2023-06-09,통과,2
E001274,P00233,5,확정배포,2023-07-18,통과,1
E001275,P00234,1,부서초안제출,2023-03-09,통과,1
E001276,P00234,2,예산실1차조정,2023-04-18,통과,1
E001277,P00234,3,경영진검토,2023-05-24,통과,1
E001278,P00234,4,이사회승인,2023-07-05,통과,1
E001279,P00234,5,확정배포,2023-08-01,통과,1
E001280,P00235,1,부서초안제출,2023-02-03,통과,1
E001281,P00235,2,예산실1차조정,2023-02-22,반려,1
E001282,P00235,2,예산실1차조정,2023-03-09,통과,2
E001283,P00235,3,경영진검토,2023-03-26,통과,1
E001284,P00235,4,이사회승인,2023-05-01,반려,1
E001285,P00235,4,이사회승인,2023-05-14,통과,2
E001286,P00235,5,확정배포,2023-06-02,통과,1
E001287,P00236,1,부서초안제출,2023-01-07,통과,1
E001288,P00236,2,예산실1차조정,2023-02-08,통과,1
E001289,P00236,3,경영진검토,2023-03-14,반려,1
E001290,P00236,3,경영진검토,2023-04-11,통과,2
E001291,P00236,4,이사회승인,2023-05-15,반려,1
E001292,P00236,4,이사회승인,2023-05-27,반려,2
E001293,P00237,1,부서초안제출,2023-03-02,통과,1
E001294,P00237,2,예산실1차조정,2023-04-10,통과,1
E001295,P00237,3,경영진검토,2023-05-16,반려,1
E001296,P00237,3,경영진검토,2023-06-21,통과,2
E001297,P00237,4,이사회승인,2023-07-16,통과,1
E001298,P00237,5,확정배포,2023-08-15,통과,1
E001299,P00238,1,부서초안제출,2023-02-12,통과,1
E001300,P00238,2,예산실1차조정,2023-03-19,통과,1
E001301,P00238,3,경영진검토,2023-04-05,통과,1
E001302,P00238,4,이사회승인,2023-04-27,철회,1
E001303,P00239,1,부서초안제출,2023-02-05,통과,1
E001304,P00239,2,예산실1차조정,2023-03-06,통과,1
E001305,P00239,3,경영진검토,2023-04-11,통과,1
E001306,P00239,4,이사회승인,2023-05-01,반려,1
E001307,P00239,4,이사회승인,,반려,2
E001308,P00240,1,부서초안제출,2024-01-05,통과,1
E001309,P00240,2,예산실1차조정,2024-01-31,반려,1
E001310,P00240,2,예산실1차조정,2024-02-14,통과,2
E001311,P00240,3,경영진검토,2024-03-02,반려,1
E001312,P00240,3,경영진검토,2024-04-07,통과,2
E001313,P00240,4,이사회승인,2024-05-10,통과,1
E001314,P00240,5,확정배포,2024-06-10,통과,1
E001315,P00241,1,부서초안제출,2024-01-04,통과,1
E001316,P00241,2,예산실1차조정,2024-02-09,통과,1
E001317,P00241,3,경영진검토,2024-02-27,통과,1
E001318,P00241,4,이사회승인,2024-03-10,통과,1
E001319,P00241,5,확정배포,2024-04-15,통과,1
E001320,P00242,1,부서초안제출,2024-01-24,통과,1
E001321,P00242,2,예산실1차조정,2024-03-02,반려,1
E001322,P00242,2,예산실1차조정,2024-03-28,통과,2
E001323,P00242,3,경영진검토,2024-04-30,통과,1
E001324,P00242,4,이사회승인,2024-06-02,통과,1
E001325,P00242,5,확정배포,2024-06-30,통과,1
E001326,P00243,1,부서초안제출,2024-03-03,통과,1
E001327,P00243,2,예산실1차조정,2024-03-17,반려,1
E001328,P00243,2,예산실1차조정,2024-04-03,통과,2
E001329,P00243,3,경영진검토,2024-04-14,통과,1
E001330,P00243,4,이사회승인,2024-05-26,통과,1
E001331,P00243,5,확정배포,2024-06-09,통과,1
E001332,P00244,1,부서초안제출,2024-01-25,통과,1
E001333,P00244,2,예산실1차조정,2024-02-22,통과,1
E001334,P00244,3,경영진검토,2024-03-13,통과,1
E001335,P00244,4,이사회승인,2024-04-03,통과,1
E001336,P00244,5,확정배포,2024-04-26,통과,1
E001337,P00245,1,부서초안제출,2024-01-09,통과,1
E001338,P00245,2,예산실1차조정,2024-02-07,통과,1
E001339,P00245,3,경영진검토,2024-03-09,통과,1
E001340,P00245,4,이사회승인,2024-04-02,통과,1
E001341,P00245,5,확정배포,2024-04-19,통과,1
E001342,P00246,1,부서초안제출,2024-02-02,통과,1
E001343,P00246,2,예산실1차조정,2024-03-15,통과,1
E001344,P00246,3,경영진검토,2024-04-04,통과,1
E001345,P00246,4,이사회승인,2024-05-17,통과,1
E001346,P00246,5,확정배포,2024-06-26,통과,1
E001347,P00247,1,부서초안제출,2024-01-12,통과,1
E001348,P00247,2,예산실1차조정,2024-02-02,통과,1
E001349,P00247,3,경영진검토,2024-02-17,통과,1
E001350,P00247,4,이사회승인,2024-03-25,통과,1
E001351,P00247,5,확정배포,2024-05-08,통과,1
E001352,P00248,1,부서초안제출,2024-02-15,통과,1
E001353,P00248,2,예산실1차조정,2024-02-27,통과,1
E001354,P00248,3,경영진검토,2024-03-19,통과,1
E001355,P00248,4,이사회승인,2024-04-22,통과,1
E001356,P00248,5,확정배포,2024-06-03,통과,1
E001357,P00249,1,부서초안제출,2024-02-20,통과,1
E001358,P00249,2,예산실1차조정,2024-04-01,통과,1
E001359,P00249,3,경영진검토,2024-04-19,통과,1
E001360,P00249,4,이사회승인,2024-06-02,통과,1
E001361,P00249,5,확정배포,2024-06-17,통과,1
E001362,P00250,1,부서초안제출,2024-02-10,통과,1
E001363,P00250,2,예산실1차조정,2024-03-18,통과,1
E001364,P00250,3,경영진검토,2024-04-03,반려,1
E001365,P00250,3,경영진검토,2024-04-18,통과,2
E001366,P00250,4,이사회승인,2024-05-22,통과,1
E001367,P00250,5,확정배포,2024-06-06,통과,1
E001368,P00251,1,부서초안제출,2024-01-11,통과,1
E001369,P00251,2,예산실1차조정,2024-02-17,통과,1
E001370,P00251,3,경영진검토,2024-03-30,통과,1
E001371,P00251,4,이사회승인,2024-04-28,통과,1
E001372,P00251,5,확정배포,2024-05-16,통과,1
E001373,P00252,1,부서초안제출,2025-01-20,통과,1
E001374,P00252,2,예산실1차조정,2025-02-03,반려,1
E001375,P00252,2,예산실1차조정,2025-02-19,통과,2
E001376,P00252,3,경영진검토,2025-03-23,반려,1
E001377,P00252,3,경영진검토,2025-04-08,통과,2
E001378,P00252,4,이사회승인,2025-05-09,반려,1
E001379,P00252,4,이사회승인,2025-05-25,통과,2
E001380,P00252,5,확정배포,2025-06-06,통과,1
E001381,P00253,1,부서초안제출,2025-03-11,통과,1
E001382,P00253,2,예산실1차조정,2025-03-26,반려,1
E001383,P00253,2,예산실1차조정,2025-04-09,통과,2
E001384,P00253,3,경영진검토,2025-04-29,통과,1
E001385,P00253,4,이사회승인,2025-05-13,반려,1
E001386,P00253,4,이사회승인,2025-05-30,통과,2
E001387,P00253,5,확정배포,2025-07-01,통과,1
E001388,P00254,1,부서초안제출,2025-02-14,통과,1
E001389,P00254,2,예산실1차조정,2025-03-09,통과,1
E001390,P00254,3,경영진검토,2025-04-15,통과,1
E001391,P00254,4,이사회승인,2025-05-04,반려,1
E001392,P00254,4,이사회승인,2025-05-24,반려,2
E001393,P00255,1,부서초안제출,2025-02-03,통과,1
E001394,P00255,2,예산실1차조정,2025-03-09,반려,1
E001395,P00255,2,예산실1차조정,2025-03-27,통과,2
E001396,P00255,3,경영진검토,2025-04-09,통과,1
E001397,P00255,4,이사회승인,2025-05-09,반려,1
E001398,P00255,4,이사회승인,2025-06-04,통과,2
E001399,P00255,5,확정배포,2025-06-27,통과,1
E001400,P00256,1,부서초안제출,2025-01-21,통과,1
E001401,P00256,2,예산실1차조정,2025-02-16,통과,1
E001402,P00256,3,경영진검토,2025-03-25,통과,1
E001403,P00256,4,이사회승인,2025-04-08,반려,1
E001404,P00256,4,이사회승인,2025-05-12,통과,2
E001405,P00256,5,확정배포,2025-06-11,통과,1
E001406,P00257,1,부서초안제출,2025-02-17,통과,1
E001407,P00257,2,예산실1차조정,2025-03-14,반려,1
E001408,P00257,2,예산실1차조정,2025-04-08,반려,2
E001409,P00258,1,부서초안제출,2025-01-14,통과,1
E001410,P00258,2,예산실1차조정,2025-02-09,통과,1
E001411,P00258,3,경영진검토,2025-03-08,통과,1
E001412,P00258,4,이사회승인,2025-03-21,반려,1
E001413,P00258,4,이사회승인,2025-04-30,통과,2
E001414,P00258,5,확정배포,2025-05-27,통과,1
E001415,P00259,1,부서초안제출,2025-02-07,통과,1
E001416,P00259,2,예산실1차조정,2025-02-26,통과,1
E001417,P00259,3,경영진검토,2025-03-19,통과,1
E001418,P00259,4,이사회승인,2025-04-11,통과,1
E001419,P00259,5,확정배포,2025-04-23,통과,1
E001420,P00260,1,부서초안제출,2026-02-09,통과,1
E001421,P00260,2,예산실1차조정,2026-03-24,반려,1
E001422,P00260,2,예산실1차조정,2026-04-03,통과,2
E001423,P00260,3,경영진검토,2026-05-14,통과,1
E001424,P00260,4,이사회승인,2026-06-01,통과,1
E001425,P00260,5,확정배포,2026-06-18,통과,1
E001426,P00261,1,부서초안제출,2026-03-03,통과,1
E001427,P00261,2,예산실1차조정,2026-04-08,통과,1
E001428,P00261,3,경영진검토,2026-05-15,반려,1
E001429,P00261,3,경영진검토,2026-06-26,통과,2
E001430,P00261,4,이사회승인,2026-07-19,통과,1
E001431,P00262,1,부서초안제출,2026-01-20,통과,1
E001432,P00262,2,예산실1차조정,2026-02-01,통과,1
E001433,P00262,3,경영진검토,2026-02-18,반려,1
E001434,P00262,3,경영진검토,2026-03-06,통과,2
E001435,P00262,4,이사회승인,2026-03-18,통과,1
E001436,P00262,5,확정배포,2026-04-20,통과,1
E001437,P00263,1,부서초안제출,2026-01-02,통과,1
E001438,P00263,2,예산실1차조정,2026-02-13,통과,1
E001439,P00263,3,경영진검토,2026-02-23,통과,1
E001440,P00263,4,이사회승인,2026-03-20,반려,1
E001441,P00263,4,이사회승인,2026-04-27,통과,2
E001442,P00263,5,확정배포,2026-05-16,통과,1
E001443,P00264,1,부서초안제출,2026-03-02,통과,1
E001444,P00264,2,예산실1차조정,2026-03-23,통과,1
E001445,P00264,3,경영진검토,2026-04-10,통과,1
E001446,P00264,4,이사회승인,2026-04-24,통과,1
E001447,P00264,5,확정배포,2026-05-22,통과,1
E001448,P00265,1,부서초안제출,2026-01-08,통과,1
E001449,P00265,2,예산실1차조정,2026-02-06,통과,1
E001450,P00265,3,경영진검토,2026-03-17,통과,1
E001451,P00265,4,이사회승인,2026-04-16,반려,1
E001452,P00265,4,이사회승인,2026-05-02,통과,2
E001453,P00265,5,확정배포,2026-05-26,통과,1
E001454,P00266,1,부서초안제출,2026-02-17,통과,1
E001455,P00266,2,예산실1차조정,2026-03-09,통과,1
E001456,P00266,3,경영진검토,2026-03-25,통과,1
E001457,P00266,4,이사회승인,2026-04-17,통과,1
E001458,P00266,5,확정배포,2026-05-03,통과,1
E001459,P00267,1,부서초안제출,2026-02-28,통과,1
E001460,P00267,2,예산실1차조정,2026-04-11,반려,1
E001461,P00267,2,예산실1차조정,2026-05-24,통과,2
E001462,P00267,3,경영진검토,2026-06-07,통과,1
E001463,P00267,4,이사회승인,2026-06-19,통과,1
E001464,P00267,5,확정배포,2026-07-05,반려,1
E001465,P00267,5,확정배포,2026-08-07,통과,2
E001466,P00268,1,부서초안제출,2022-02-11,통과,1
E001467,P00268,2,예산실1차조정,2022-03-27,반려,1
E001468,P00268,2,예산실1차조정,2022-05-01,통과,2
E001469,P00268,3,경영진검토,2022-05-23,반려,1
E001470,P00268,3,경영진검토,2022-06-28,통과,2
E001471,P00268,4,이사회승인,2022-07-17,통과,1
E001472,P00268,5,확정배포,2022-08-28,통과,1
E001473,P00269,1,부서초안제출,2022-02-24,통과,1
E001474,P00269,2,예산실1차조정,2022-03-16,통과,1
E001475,P00269,3,경영진검토,2022-04-01,통과,1
E001476,P00269,4,이사회승인,2022-05-07,통과,1
E001477,P00269,5,확정배포,2022-05-30,통과,1
E001478,P00270,1,부서초안제출,2022-02-12,통과,1
E001479,P00270,2,예산실1차조정,2022-03-26,반려,1
E001480,P00270,2,예산실1차조정,2022-04-30,반려,2
E001481,P00271,1,부서초안제출,2022-02-18,통과,1
E001482,P00271,2,예산실1차조정,2022-02-28,철회,1
E001483,P00272,1,부서초안제출,2022-01-05,통과,1
E001484,P00272,2,예산실1차조정,2022-02-05,통과,1
E001485,P00272,3,경영진검토,2022-02-27,통과,1
E001486,P00272,4,이사회승인,2022-04-07,통과,1
E001487,P00272,5,확정배포,2022-04-30,철회,1
E001488,P00273,1,부서초안제출,,통과,1
E001489,P00273,2,예산실1차조정,2022-03-22,반려,1
E001490,P00273,2,예산실1차조정,2022-04-02,통과,2
E001491,P00273,3,경영진검토,2022-05-08,통과,1
E001492,P00273,4,이사회승인,2022-06-03,통과,1
E001493,P00273,5,확정배포,2022-06-19,통과,1
E001494,P00274,1,부서초안제출,2022-01-18,통과,1
E001495,P00274,2,예산실1차조정,2022-01-31,통과,1
E001496,P00274,3,경영진검토,2022-02-25,통과,1
E001497,P00274,4,이사회승인,2022-04-09,통과,1
E001498,P00274,5,확정배포,,통과,1
E001499,P00275,1,부서초안제출,2022-02-12,통과,1
E001500,P00275,2,예산실1차조정,2022-03-24,통과,1
E001501,P00275,3,경영진검토,2022-04-22,반려,1
E001502,P00275,3,경영진검토,2022-05-12,반려,2
E001503,P00276,1,부서초안제출,2022-02-05,통과,1
E001504,P00276,2,예산실1차조정,2022-03-20,통과,1
E001505,P00276,3,경영진검토,2022-04-16,통과,1
E001506,P00276,4,이사회승인,2022-05-05,통과,1
E001507,P00276,5,확정배포,2022-06-03,통과,1
E001508,P00277,1,부서초안제출,2022-01-23,통과,1
E001509,P00277,2,예산실1차조정,2022-02-04,통과,1
E001510,P00277,3,경영진검토,2022-03-20,반려,1
E001511,P00277,3,경영진검토,,통과,2
E001512,P00277,4,이사회승인,2022-05-15,통과,1
E001513,P00277,5,확정배포,2022-06-14,통과,1
E001514,P00278,1,부서초안제출,2023-03-03,통과,1
E001515,P00278,2,예산실1차조정,2023-03-17,통과,1
E001516,P00278,3,경영진검토,2023-04-07,통과,1
E001517,P00278,4,이사회승인,2023-04-20,통과,1
E001518,P00278,5,확정배포,2023-05-03,통과,1
E001519,P00279,1,부서초안제출,2023-01-11,통과,1
E001520,P00279,2,예산실1차조정,2023-02-04,통과,1
E001521,P00279,3,경영진검토,2023-03-11,통과,1
E001522,P00279,4,이사회승인,2023-04-10,반려,1
E001523,P00279,4,이사회승인,2023-05-02,통과,2
E001524,P00279,5,확정배포,2023-06-07,통과,1
E001525,P00280,1,부서초안제출,2023-01-11,통과,1
E001526,P00280,2,예산실1차조정,2023-02-22,반려,1
E001527,P00280,2,예산실1차조정,2023-03-06,통과,2
E001528,P00280,3,경영진검토,2023-04-10,통과,1
E001529,P00280,4,이사회승인,2023-05-01,반려,1
E001530,P00280,4,이사회승인,2023-05-13,반려,2
E001531,P00281,1,부서초안제출,2023-02-09,통과,1
E001532,P00281,2,예산실1차조정,2023-03-10,통과,1
E001533,P00281,3,경영진검토,2023-04-19,통과,1
E001534,P00281,4,이사회승인,2023-05-02,통과,1
E001535,P00281,5,확정배포,2023-06-08,통과,1
E001536,P00282,1,부서초안제출,2023-02-23,통과,1
E001537,P00282,2,예산실1차조정,2023-04-06,반려,1
E001538,P00282,2,예산실1차조정,2023-04-30,통과,2
E001539,P00282,3,경영진검토,2023-05-12,통과,1
E001540,P00282,4,이사회승인,2023-06-09,철회,1
E001541,P00283,1,부서초안제출,2023-01-06,통과,1
E001542,P00283,2,예산실1차조정,2023-01-24,통과,1
E001543,P00283,3,경영진검토,2023-03-03,통과,1
E001544,P00283,4,이사회승인,2023-03-23,반려,1
E001545,P00283,4,이사회승인,2023-04-15,통과,2
E001546,P00283,5,확정배포,2023-04-30,통과,1
E001547,P00284,1,부서초안제출,2023-03-04,통과,1
E001548,P00284,2,예산실1차조정,2023-04-10,통과,1
E001549,P00284,3,경영진검토,2023-04-28,철회,1
E001550,P00285,1,부서초안제출,2023-01-09,통과,1
E001551,P00285,2,예산실1차조정,2023-01-26,통과,1
E001552,P00285,3,경영진검토,2023-02-22,통과,1
E001553,P00285,4,이사회승인,2023-03-10,통과,1
E001554,P00285,5,확정배포,,통과,1
E001555,P00286,1,부서초안제출,2024-02-14,통과,1
E001556,P00286,2,예산실1차조정,2024-03-15,통과,1
E001557,P00286,3,경영진검토,2024-04-18,통과,1
E001558,P00286,4,이사회승인,2024-05-16,반려,1
E001559,P00286,4,이사회승인,2024-05-27,통과,2
E001560,P00286,5,확정배포,2024-07-01,통과,1
E001561,P00287,1,부서초안제출,2024-02-01,통과,1
E001562,P00287,2,예산실1차조정,2024-02-21,통과,1
E001563,P00287,3,경영진검토,2024-04-04,반려,1
E001564,P00287,3,경영진검토,2024-05-07,통과,2
E001565,P00287,4,이사회승인,2024-06-05,통과,1
E001566,P00287,5,확정배포,2024-07-03,통과,1
E001567,P00288,1,부서초안제출,2024-02-02,통과,1
E001568,P00288,2,예산실1차조정,2024-02-20,통과,1
E001569,P00288,3,경영진검토,2024-04-04,반려,1
E001570,P00288,3,경영진검토,2024-05-13,통과,2
E001571,P00288,4,이사회승인,2024-05-25,통과,1
E001572,P00288,5,확정배포,2024-06-22,통과,1
E001573,P00289,1,부서초안제출,2024-03-03,통과,1
E001574,P00289,2,예산실1차조정,2024-04-10,통과,1
E001575,P00289,3,경영진검토,2024-05-18,통과,1
E001576,P00289,4,이사회승인,2024-06-24,통과,1
E001577,P00289,5,확정배포,2024-07-27,통과,1
E001578,P00290,1,부서초안제출,2024-02-05,통과,1
E001579,P00290,2,예산실1차조정,2024-02-25,반려,1
E001580,P00290,2,예산실1차조정,2024-03-31,통과,2
E001581,P00290,3,경영진검토,2024-04-12,통과,1
E001582,P00290,4,이사회승인,2024-04-25,통과,1
E001583,P00290,5,확정배포,2024-05-19,통과,1
E001584,P00291,1,부서초안제출,2024-03-06,통과,1
E001585,P00291,2,예산실1차조정,2024-04-15,통과,1
E001586,P00291,3,경영진검토,2024-05-26,통과,1
E001587,P00291,4,이사회승인,2024-07-09,통과,1
E001588,P00291,5,확정배포,2024-08-03,통과,1
E001589,P00292,1,부서초안제출,2024-01-25,통과,1
E001590,P00292,2,예산실1차조정,2024-03-01,통과,1
E001591,P00292,3,경영진검토,2024-03-17,반려,1
E001592,P00292,3,경영진검토,2024-04-01,통과,2
E001593,P00292,4,이사회승인,2024-04-22,통과,1
E001594,P00292,5,확정배포,2024-05-03,통과,1
E001595,P00293,1,부서초안제출,2024-02-21,통과,1
E001596,P00293,2,예산실1차조정,2024-03-07,반려,1
E001597,P00293,2,예산실1차조정,2024-04-20,반려,2
E001598,P00294,1,부서초안제출,2024-01-15,통과,1
E001599,P00294,2,예산실1차조정,2024-02-25,통과,1
E001600,P00294,3,경영진검토,2024-03-18,통과,1
E001601,P00294,4,이사회승인,2024-03-28,반려,1
E001602,P00294,4,이사회승인,2024-04-09,통과,2
E001603,P00294,5,확정배포,2024-05-10,반려,1
E001604,P00294,5,확정배포,2024-06-17,통과,2
E001605,P00295,1,부서초안제출,2024-02-02,통과,1
E001606,P00295,2,예산실1차조정,2024-02-25,통과,1
E001607,P00295,3,경영진검토,2024-03-25,반려,1
E001608,P00295,3,경영진검토,2024-04-10,통과,2
E001609,P00295,4,이사회승인,2024-05-22,반려,1
E001610,P00295,4,이사회승인,2024-06-03,통과,2
E001611,P00295,5,확정배포,2024-07-12,통과,1
E001612,P00296,1,부서초안제출,2024-01-17,통과,1
E001613,P00296,2,예산실1차조정,2024-02-19,통과,1
E001614,P00296,3,경영진검토,2024-04-03,반려,1
E001615,P00296,3,경영진검토,2024-04-13,통과,2
E001616,P00296,4,이사회승인,2024-05-13,반려,1
E001617,P00296,4,이사회승인,2024-06-20,통과,2
E001618,P00296,5,확정배포,2024-07-14,통과,1
E001619,P00297,1,부서초안제출,2025-03-14,통과,1
E001620,P00297,2,예산실1차조정,2025-04-12,통과,1
E001621,P00297,3,경영진검토,2025-05-17,통과,1
E001622,P00297,4,이사회승인,2025-06-13,통과,1
E001623,P00297,5,확정배포,2025-07-14,반려,1
E001624,P00297,5,확정배포,2025-08-17,반려,2
E001625,P00298,1,부서초안제출,2025-02-03,통과,1
E001626,P00298,2,예산실1차조정,2025-03-17,통과,1
E001627,P00298,3,경영진검토,2025-04-24,통과,1
E001628,P00298,4,이사회승인,2025-05-30,통과,1
E001629,P00298,5,확정배포,2025-07-06,통과,1
E001630,P00299,1,부서초안제출,2025-02-07,통과,1
E001631,P00299,2,예산실1차조정,2025-03-02,통과,1
E001632,P00299,3,경영진검토,2025-04-10,통과,1
E001633,P00299,4,이사회승인,2025-04-20,반려,1
E001634,P00299,4,이사회승인,2025-05-05,반려,2
E001635,P00300,1,부서초안제출,2025-02-15,통과,1
E001636,P00300,2,예산실1차조정,2025-03-04,통과,1
E001637,P00300,3,경영진검토,2025-04-08,반려,1
E001638,P00300,3,경영진검토,2025-05-07,통과,2
E001639,P00300,4,이사회승인,2025-06-08,통과,1
E001640,P00300,5,확정배포,2025-07-04,통과,1
E001641,P00301,1,부서초안제출,2025-01-19,통과,1
E001642,P00301,2,예산실1차조정,2025-02-27,통과,1
E001643,P00301,3,경영진검토,2025-03-18,통과,1
E001644,P00301,4,이사회승인,2025-04-07,반려,1
E001645,P00301,4,이사회승인,2025-05-04,통과,2
E001646,P00301,5,확정배포,2025-06-04,통과,1
E001647,P00302,1,부서초안제출,2025-01-06,통과,1
E001648,P00302,2,예산실1차조정,2025-02-16,반려,1
E001649,P00302,2,예산실1차조정,2025-03-25,통과,2
E001650,P00302,3,경영진검토,2025-05-04,통과,1
E001651,P00302,4,이사회승인,2025-06-17,통과,1
E001652,P00302,5,확정배포,2025-07-01,통과,1
E001653,P00303,1,부서초안제출,2025-02-14,통과,1
E001654,P00303,2,예산실1차조정,2025-03-09,반려,1
E001655,P00303,2,예산실1차조정,2025-03-24,통과,2
E001656,P00303,3,경영진검토,2025-04-05,통과,1
E001657,P00303,4,이사회승인,2025-04-28,반려,1
E001658,P00303,4,이사회승인,2025-06-09,통과,2
E001659,P00303,5,확정배포,2025-07-15,통과,1
E001660,P00304,1,부서초안제출,2025-02-28,통과,1
E001661,P00304,2,예산실1차조정,2025-03-18,통과,1
E001662,P00304,3,경영진검토,2025-04-25,반려,1
E001663,P00304,3,경영진검토,2025-05-24,통과,2
E001664,P00304,4,이사회승인,2025-07-03,통과,1
E001665,P00304,5,확정배포,2025-07-22,통과,1
E001666,P00305,1,부서초안제출,2025-01-10,통과,1
E001667,P00305,2,예산실1차조정,2025-02-16,통과,1
E001668,P00305,3,경영진검토,2025-02-26,통과,1
E001669,P00305,4,이사회승인,2025-03-20,통과,1
E001670,P00305,5,확정배포,2025-04-21,통과,1
E001671,P00306,1,부서초안제출,2025-03-10,통과,1
E001672,P00306,2,예산실1차조정,2025-04-10,통과,1
E001673,P00306,3,경영진검토,2025-04-29,통과,1
E001674,P00306,4,이사회승인,2025-06-11,통과,1
E001675,P00306,5,확정배포,2025-07-05,통과,1
E001676,P00307,1,부서초안제출,2025-02-20,통과,1
E001677,P00307,2,예산실1차조정,2025-04-03,통과,1
E001678,P00307,3,경영진검토,2025-05-05,반려,1
E001679,P00307,3,경영진검토,2025-06-02,통과,2
E001680,P00307,4,이사회승인,2025-07-02,통과,1
E001681,P00307,5,확정배포,2025-07-14,통과,1
E001682,P00308,1,부서초안제출,2026-02-07,통과,1
E001683,P00308,2,예산실1차조정,2026-02-25,철회,1
E001684,P00309,1,부서초안제출,2026-01-09,통과,1
E001685,P00309,2,예산실1차조정,2026-02-16,반려,1
E001686,P00309,2,예산실1차조정,2026-03-07,통과,2
E001687,P00309,3,경영진검토,2026-03-29,반려,1
E001688,P00309,3,경영진검토,2026-05-04,통과,2
E001689,P00309,4,이사회승인,2026-05-24,통과,1
E001690,P00309,5,확정배포,2026-07-03,통과,1
E001691,P00310,1,부서초안제출,2026-01-07,통과,1
E001692,P00310,2,예산실1차조정,2026-01-24,반려,1
E001693,P00310,2,예산실1차조정,2026-02-10,통과,2
E001694,P00310,3,경영진검토,2026-03-05,통과,1
E001695,P00310,4,이사회승인,2026-03-23,통과,1
E001696,P00310,5,확정배포,2026-04-05,통과,1
E001697,P00311,1,부서초안제출,2026-02-13,통과,1
E001698,P00311,2,예산실1차조정,2026-02-24,반려,1
E001699,P00311,2,예산실1차조정,2026-03-18,통과,2
E001700,P00311,3,경영진검토,2026-04-29,통과,1
E001701,P00311,4,이사회승인,2026-05-29,반려,1
E001702,P00311,4,이사회승인,2026-06-08,통과,2
E001703,P00311,5,확정배포,2026-06-23,통과,1
E001704,P00312,1,부서초안제출,2026-02-27,통과,1
E001705,P00312,2,예산실1차조정,2026-03-12,통과,1
E001706,P00312,3,경영진검토,2026-04-15,통과,1
E001707,P00312,4,이사회승인,2026-04-26,통과,1
E001708,P00312,5,확정배포,2026-06-09,통과,1
E001709,P00313,1,부서초안제출,2022-02-14,통과,1
E001710,P00313,2,예산실1차조정,,반려,1
E001711,P00313,2,예산실1차조정,2022-03-10,통과,2
E001712,P00313,3,경영진검토,2022-03-28,통과,1
E001713,P00313,4,이사회승인,2022-04-30,반려,1
E001714,P00313,4,이사회승인,2022-05-21,통과,2
E001715,P00313,5,확정배포,2022-06-25,통과,1
E001716,P00314,1,부서초안제출,2022-03-07,통과,1
E001717,P00314,2,예산실1차조정,2022-04-17,반려,1
E001718,P00314,2,예산실1차조정,2022-05-26,통과,2
E001719,P00314,3,경영진검토,2022-07-03,통과,1
E001720,P00314,4,이사회승인,2022-08-14,통과,1
E001721,P00314,5,확정배포,2022-08-29,통과,1
E001722,P00315,1,부서초안제출,2022-02-02,통과,1
E001723,P00315,2,예산실1차조정,2022-03-05,통과,1
E001724,P00315,3,경영진검토,2022-03-23,반려,1
E001725,P00315,3,경영진검토,2022-04-09,통과,2
E001726,P00315,4,이사회승인,2022-05-20,통과,1
E001727,P00315,5,확정배포,2022-06-06,통과,1
E001728,P00316,1,부서초안제출,2022-01-20,통과,1
E001729,P00316,2,예산실1차조정,2022-02-21,통과,1
E001730,P00316,3,경영진검토,2022-03-10,통과,1
E001731,P00316,4,이사회승인,2022-03-23,통과,1
E001732,P00316,5,확정배포,2022-04-27,통과,1
E001733,P00317,1,부서초안제출,2022-02-13,통과,1
E001734,P00317,2,예산실1차조정,2022-03-02,통과,1
E001735,P00317,3,경영진검토,2022-04-03,통과,1
E001736,P00317,4,이사회승인,2022-04-29,통과,1
E001737,P00317,5,확정배포,2022-05-17,반려,1
E001738,P00317,5,확정배포,2022-06-01,통과,2
E001739,P00318,1,부서초안제출,2022-01-31,통과,1
E001740,P00318,2,예산실1차조정,2022-02-13,반려,1
E001741,P00318,2,예산실1차조정,2022-03-24,통과,2
E001742,P00318,3,경영진검토,2022-04-20,통과,1
E001743,P00318,4,이사회승인,2022-05-12,반려,1
E001744,P00318,4,이사회승인,2022-06-24,통과,2
E001745,P00318,5,확정배포,2022-07-16,통과,1
E001746,P00319,1,부서초안제출,2022-02-06,통과,1
E001747,P00319,2,예산실1차조정,2022-02-19,통과,1
E001748,P00319,3,경영진검토,2022-04-03,반려,1
E001749,P00319,3,경영진검토,2022-04-27,통과,2
E001750,P00319,4,이사회승인,2022-05-14,반려,1
E001751,P00319,4,이사회승인,2022-06-11,통과,2
E001752,P00319,5,확정배포,2022-06-25,통과,1
E001753,P00320,1,부서초안제출,2023-01-25,통과,1
E001754,P00320,2,예산실1차조정,2023-02-07,통과,1
E001755,P00320,3,경영진검토,2023-03-08,통과,1
E001756,P00320,4,이사회승인,2023-03-18,통과,1
E001757,P00320,5,확정배포,2023-04-06,통과,1
E001758,P00321,1,부서초안제출,2023-02-07,통과,1
E001759,P00321,2,예산실1차조정,2023-02-23,통과,1
E001760,P00321,3,경영진검토,2023-03-26,통과,1
E001761,P00321,4,이사회승인,2023-05-07,통과,1
E001762,P00321,5,확정배포,2023-05-24,통과,1
E001763,P00322,1,부서초안제출,2023-01-05,통과,1
E001764,P00322,2,예산실1차조정,2023-01-17,통과,1
E001765,P00322,3,경영진검토,2023-02-05,통과,1
E001766,P00322,4,이사회승인,2023-02-18,통과,1
E001767,P00322,5,확정배포,2023-03-18,통과,1
E001768,P00323,1,부서초안제출,2023-01-22,통과,1
E001769,P00323,2,예산실1차조정,2023-02-10,통과,1
E001770,P00323,3,경영진검토,2023-03-06,통과,1
E001771,P00323,4,이사회승인,2023-04-06,통과,1
E001772,P00323,5,확정배포,2023-05-10,통과,1
E001773,P00324,1,부서초안제출,2023-02-21,통과,1
E001774,P00324,2,예산실1차조정,2023-03-15,통과,1
E001775,P00324,3,경영진검토,2023-04-17,통과,1
E001776,P00324,4,이사회승인,2023-05-28,반려,1
E001777,P00324,4,이사회승인,2023-06-24,반려,2
E001778,P00325,1,부서초안제출,2023-02-08,통과,1
E001779,P00325,2,예산실1차조정,2023-02-26,통과,1
E001780,P00325,3,경영진검토,2023-04-06,통과,1
E001781,P00325,4,이사회승인,2023-04-29,반려,1
E001782,P00325,4,이사회승인,2023-05-14,반려,2
E001783,P00326,1,부서초안제출,2023-02-02,통과,1
E001784,P00326,2,예산실1차조정,2023-03-12,통과,1
E001785,P00326,3,경영진검토,2023-03-22,반려,1
E001786,P00326,3,경영진검토,2023-04-20,통과,2
E001787,P00326,4,이사회승인,2023-05-11,반려,1
E001788,P00326,4,이사회승인,2023-06-13,통과,2
E001789,P00326,5,확정배포,2023-07-09,통과,1
E001790,P00327,1,부서초안제출,2023-03-03,통과,1
E001791,P00327,2,예산실1차조정,2023-03-17,통과,1
E001792,P00327,3,경영진검토,2023-04-01,통과,1
E001793,P00327,4,이사회승인,2023-04-11,반려,1
E001794,P00327,4,이사회승인,2023-05-07,통과,2
E001795,P00327,5,확정배포,2023-06-10,통과,1
E001796,P00328,1,부서초안제출,2023-02-13,통과,1
E001797,P00328,2,예산실1차조정,2023-03-29,통과,1
E001798,P00328,3,경영진검토,2023-05-07,통과,1
E001799,P00328,4,이사회승인,2023-06-09,반려,1
E001800,P00328,4,이사회승인,2023-07-22,통과,2
E001801,P00328,5,확정배포,2023-08-22,통과,1
E001802,P00329,1,부서초안제출,2023-02-10,통과,1
E001803,P00329,2,예산실1차조정,2023-02-26,통과,1
E001804,P00329,3,경영진검토,,통과,1
E001805,P00329,4,이사회승인,2023-04-03,반려,1
E001806,P00329,4,이사회승인,2023-05-01,반려,2
E001807,P00330,1,부서초안제출,2024-01-12,통과,1
E001808,P00330,2,예산실1차조정,2024-02-08,통과,1
E001809,P00330,3,경영진검토,2024-02-24,통과,1
E001810,P00330,4,이사회승인,2024-03-15,반려,1
E001811,P00330,4,이사회승인,2024-04-21,통과,2
E001812,P00330,5,확정배포,2024-05-16,통과,1
E001813,P00331,1,부서초안제출,2024-01-21,통과,1
E001814,P00331,2,예산실1차조정,2024-03-03,통과,1
E001815,P00331,3,경영진검토,2024-03-16,반려,1
E001816,P00331,3,경영진검토,2024-03-30,통과,2
E001817,P00331,4,이사회승인,2024-04-17,통과,1
E001818,P00331,5,확정배포,2024-05-14,통과,1
E001819,P00332,1,부서초안제출,2024-02-03,통과,1
E001820,P00332,2,예산실1차조정,2024-02-24,통과,1
E001821,P00332,3,경영진검토,2024-04-06,통과,1
E001822,P00332,4,이사회승인,2024-04-22,통과,1
E001823,P00332,5,확정배포,2024-05-13,통과,1
E001824,P00333,1,부서초안제출,2024-01-16,통과,1
E001825,P00333,2,예산실1차조정,2024-01-29,반려,1
E001826,P00333,2,예산실1차조정,2024-02-22,반려,2
E001827,P00334,1,부서초안제출,2024-02-26,통과,1
E001828,P00334,2,예산실1차조정,2024-04-01,반려,1
E001829,P00334,2,예산실1차조정,2024-04-15,통과,2
E001830,P00334,3,경영진검토,2024-05-28,통과,1
E001831,P00334,4,이사회승인,2024-06-11,통과,1
E001832,P00334,5,확정배포,2024-07-15,통과,1
E001833,P00335,1,부서초안제출,2024-02-01,통과,1
E001834,P00335,2,예산실1차조정,2024-02-28,통과,1
E001835,P00335,3,경영진검토,2024-03-29,통과,1
E001836,P00335,4,이사회승인,2024-04-13,통과,1
E001837,P00335,5,확정배포,2024-05-24,통과,1
E001838,P00336,1,부서초안제출,2024-01-05,통과,1
E001839,P00336,2,예산실1차조정,2024-01-28,통과,1
E001840,P00336,3,경영진검토,2024-02-10,통과,1
E001841,P00336,4,이사회승인,2024-02-27,통과,1
E001842,P00336,5,확정배포,2024-03-10,반려,1
E001843,P00336,5,확정배포,2024-04-05,반려,2
E001844,P00337,1,부서초안제출,2024-03-15,통과,1
E001845,P00337,2,예산실1차조정,2024-04-23,통과,1
E001846,P00337,3,경영진검토,2024-05-06,철회,1
E001847,P00338,1,부서초안제출,2025-01-08,통과,1
E001848,P00338,2,예산실1차조정,2025-01-22,통과,1
E001849,P00338,3,경영진검토,2025-02-07,반려,1
E001850,P00338,3,경영진검토,2025-03-03,통과,2
E001851,P00338,4,이사회승인,2025-03-21,통과,1
E001852,P00338,5,확정배포,2025-04-14,통과,1
E001853,P00339,1,부서초안제출,2025-01-13,통과,1
E001854,P00339,2,예산실1차조정,2025-01-29,통과,1
E001855,P00339,3,경영진검토,2025-03-12,통과,1
E001856,P00339,4,이사회승인,2025-04-19,통과,1
E001857,P00339,5,확정배포,2025-05-14,통과,1
E001858,P00340,1,부서초안제출,2025-03-15,통과,1
E001859,P00340,2,예산실1차조정,2025-03-31,반려,1
E001860,P00340,2,예산실1차조정,2025-04-18,통과,2
E001861,P00340,3,경영진검토,2025-05-31,통과,1
E001862,P00340,4,이사회승인,2025-06-23,통과,1
E001863,P00340,5,확정배포,2025-07-20,통과,1
E001864,P00341,1,부서초안제출,2025-03-02,통과,1
E001865,P00341,2,예산실1차조정,2025-03-16,반려,1
E001866,P00341,2,예산실1차조정,2025-04-13,통과,2
E001867,P00341,3,경영진검토,2025-05-06,통과,1
E001868,P00341,4,이사회승인,2025-06-08,통과,1
E001869,P00341,5,확정배포,2025-07-20,통과,1
E001870,P00342,1,부서초안제출,2025-01-26,통과,1
E001871,P00342,2,예산실1차조정,2025-02-14,반려,1
E001872,P00342,2,예산실1차조정,2025-03-02,통과,2
E001873,P00342,3,경영진검토,2025-04-04,반려,1
E001874,P00342,3,경영진검토,2025-04-25,통과,2
E001875,P00342,4,이사회승인,2025-06-03,통과,1
E001876,P00342,5,확정배포,2025-06-30,통과,1
E001877,P00343,1,부서초안제출,2025-03-14,통과,1
E001878,P00343,2,예산실1차조정,2025-03-31,반려,1
E001879,P00343,2,예산실1차조정,2025-04-14,통과,2
E001880,P00343,3,경영진검토,2025-05-22,통과,1
E001881,P00343,4,이사회승인,2025-07-02,반려,1
E001882,P00343,4,이사회승인,2025-08-02,통과,2
E001883,P00343,5,확정배포,2025-08-17,철회,1
E001884,P00344,1,부서초안제출,2025-03-03,통과,1
E001885,P00344,2,예산실1차조정,2025-03-27,통과,1
E001886,P00344,3,경영진검토,2025-04-11,통과,1
E001887,P00344,4,이사회승인,2025-05-03,통과,1
E001888,P00344,5,확정배포,2025-06-12,통과,1
E001889,P00345,1,부서초안제출,2025-03-11,통과,1
E001890,P00345,2,예산실1차조정,2025-04-13,통과,1
E001891,P00345,3,경영진검토,2025-04-29,반려,1
E001892,P00345,3,경영진검토,2025-05-24,통과,2
E001893,P00345,4,이사회승인,2025-06-09,반려,1
E001894,P00345,4,이사회승인,2025-06-24,통과,2
E001895,P00345,5,확정배포,2025-07-25,통과,1
E001896,P00346,1,부서초안제출,2025-02-14,통과,1
E001897,P00346,2,예산실1차조정,2025-03-19,반려,1
E001898,P00346,2,예산실1차조정,2025-04-21,통과,2
E001899,P00346,3,경영진검토,2025-05-04,반려,1
E001900,P00346,3,경영진검토,2025-05-31,통과,2
E001901,P00346,4,이사회승인,2025-06-28,반려,1
E001902,P00346,4,이사회승인,2025-07-29,반려,2
E001903,P00347,1,부서초안제출,2025-02-07,통과,1
E001904,P00347,2,예산실1차조정,2025-03-01,통과,1
E001905,P00347,3,경영진검토,2025-04-10,반려,1
E001906,P00347,3,경영진검토,2025-05-09,통과,2
E001907,P00347,4,이사회승인,2025-06-15,반려,1
E001908,P00347,4,이사회승인,2025-07-16,통과,2
E001909,P00347,5,확정배포,2025-07-31,통과,1
E001910,P00348,1,부서초안제출,2026-03-10,통과,1
E001911,P00348,2,예산실1차조정,2026-03-21,통과,1
E001912,P00348,3,경영진검토,2026-04-14,통과,1
E001913,P00348,4,이사회승인,2026-04-26,반려,1
E001914,P00348,4,이사회승인,2026-06-04,통과,2
E001915,P00348,5,확정배포,2026-06-14,통과,1
E001916,P00349,1,부서초안제출,2026-02-09,통과,1
E001917,P00349,2,예산실1차조정,2026-03-05,통과,1
E001918,P00349,3,경영진검토,2026-03-23,통과,1
E001919,P00349,4,이사회승인,2026-05-06,통과,1
E001920,P00349,5,확정배포,2026-05-24,통과,1
E001921,P00350,1,부서초안제출,2026-02-23,통과,1
E001922,P00350,2,예산실1차조정,2026-03-25,통과,1
E001923,P00350,3,경영진검토,2026-04-12,통과,1
E001924,P00350,4,이사회승인,2026-04-29,반려,1
E001925,P00350,4,이사회승인,2026-05-20,통과,2
E001926,P00350,5,확정배포,2026-06-12,통과,1
E001927,P00351,1,부서초안제출,2026-03-16,통과,1
E001928,P00351,2,예산실1차조정,2026-04-09,반려,1
E001929,P00351,2,예산실1차조정,2026-04-26,반려,2
E001930,P00352,1,부서초안제출,2026-02-23,통과,1
E001931,P00352,2,예산실1차조정,2026-03-09,통과,1
E001932,P00352,3,경영진검토,2026-04-07,통과,1
E001933,P00352,4,이사회승인,2026-04-23,통과,1
E001934,P00352,5,확정배포,2026-05-28,통과,1
E001935,P00353,1,부서초안제출,2026-02-06,통과,1
E001936,P00353,2,예산실1차조정,2026-03-20,통과,1
E001937,P00353,3,경영진검토,2026-05-02,통과,1
E001938,P00353,4,이사회승인,2026-05-29,통과,1
E001939,P00353,5,확정배포,2026-07-09,통과,1
E001940,P00354,1,부서초안제출,2026-01-21,통과,1
E001941,P00354,2,예산실1차조정,2026-02-23,통과,1
E001942,P00354,3,경영진검토,2026-03-11,통과,1
E001943,P00354,4,이사회승인,2026-03-24,반려,1
E001944,P00354,4,이사회승인,2026-04-24,통과,2
E001945,P00354,5,확정배포,2026-05-27,통과,1
E001946,P00355,1,부서초안제출,2026-01-05,통과,1
E001947,P00355,2,예산실1차조정,2026-01-23,통과,1
E001948,P00355,3,경영진검토,2026-02-14,통과,1
E001949,P00355,4,이사회승인,2026-02-26,통과,1
E001950,P00355,5,확정배포,2026-03-31,통과,1
E001951,P00356,1,부서초안제출,2022-01-14,통과,1
E001952,P00356,2,예산실1차조정,2022-02-10,통과,1
E001953,P00356,3,경영진검토,2022-02-25,통과,1
E001954,P00356,4,이사회승인,2022-04-09,통과,1
E001955,P00356,5,확정배포,2022-05-08,통과,1
E001956,P00357,1,부서초안제출,2022-02-05,통과,1
E001957,P00357,2,예산실1차조정,2022-03-12,통과,1
E001958,P00357,3,경영진검토,2022-04-19,통과,1
E001959,P00357,4,이사회승인,2022-05-29,반려,1
E001960,P00357,4,이사회승인,2022-07-12,통과,2
E001961,P00357,5,확정배포,2022-08-19,통과,1
E001962,P00358,1,부서초안제출,2022-02-01,통과,1
E001963,P00358,2,예산실1차조정,2022-02-12,철회,1
E001964,P00359,1,부서초안제출,2022-03-15,통과,1
E001965,P00359,2,예산실1차조정,2022-03-31,통과,1
E001966,P00359,3,경영진검토,2022-04-26,반려,1
E001967,P00359,3,경영진검토,,통과,2
E001968,P00359,4,이사회승인,2022-06-12,철회,1
E001969,P00360,1,부서초안제출,2022-02-04,통과,1
E001970,P00360,2,예산실1차조정,2022-03-06,반려,1
E001971,P00360,2,예산실1차조정,2022-04-18,통과,2
E001972,P00360,3,경영진검토,2022-05-30,통과,1
E001973,P00360,4,이사회승인,2022-07-03,반려,1
E001974,P00360,4,이사회승인,2022-08-01,통과,2
E001975,P00360,5,확정배포,2022-09-07,통과,1
E001976,P00361,1,부서초안제출,2022-01-10,통과,1
E001977,P00361,2,예산실1차조정,2022-02-17,통과,1
E001978,P00361,3,경영진검토,2022-03-31,통과,1
E001979,P00361,4,이사회승인,2022-05-09,통과,1
E001980,P00361,5,확정배포,2022-05-23,통과,1
E001981,P00362,1,부서초안제출,2022-02-16,통과,1
E001982,P00362,2,예산실1차조정,2022-03-29,통과,1
E001983,P00362,3,경영진검토,2022-05-09,통과,1
E001984,P00362,4,이사회승인,2022-05-28,통과,1
E001985,P00362,5,확정배포,2022-06-09,통과,1
E001986,P00363,1,부서초안제출,2022-01-31,통과,1
E001987,P00363,2,예산실1차조정,2022-02-24,통과,1
E001988,P00363,3,경영진검토,2022-04-03,통과,1
E001989,P00363,4,이사회승인,2022-04-29,통과,1
E001990,P00363,5,확정배포,,철회,1
E001991,P00364,1,부서초안제출,2023-01-30,통과,1
E001992,P00364,2,예산실1차조정,2023-02-28,통과,1
E001993,P00364,3,경영진검토,2023-04-09,통과,1
E001994,P00364,4,이사회승인,2023-05-16,통과,1
E001995,P00364,5,확정배포,2023-06-10,통과,1
E001996,P00365,1,부서초안제출,2023-03-12,통과,1
E001997,P00365,2,예산실1차조정,2023-04-11,통과,1
E001998,P00365,3,경영진검토,2023-05-19,통과,1
E001999,P00365,4,이사회승인,2023-06-29,통과,1
E002000,P00365,5,확정배포,2023-07-28,통과,1
E002001,P00366,1,부서초안제출,2023-01-18,통과,1
E002002,P00366,2,예산실1차조정,2023-03-01,통과,1
E002003,P00366,3,경영진검토,2023-03-11,통과,1
E002004,P00366,4,이사회승인,2023-04-06,철회,1
E002005,P00367,1,부서초안제출,2023-03-13,통과,1
E002006,P00367,2,예산실1차조정,2023-03-23,통과,1
E002007,P00367,3,경영진검토,,통과,1
E002008,P00367,4,이사회승인,2023-05-24,반려,1
E002009,P00367,4,이사회승인,2023-07-07,반려,2
E002010,P00368,1,부서초안제출,2023-02-27,통과,1
E002011,P00368,2,예산실1차조정,2023-03-28,통과,1
E002012,P00368,3,경영진검토,2023-04-13,통과,1
E002013,P00368,4,이사회승인,2023-05-01,반려,1
E002014,P00368,4,이사회승인,2023-06-04,통과,2
E002015,P00368,5,확정배포,2023-07-05,통과,1
E002016,P00369,1,부서초안제출,2024-02-26,통과,1
E002017,P00369,2,예산실1차조정,2024-03-25,통과,1
E002018,P00369,3,경영진검토,2024-04-17,통과,1
E002019,P00369,4,이사회승인,2024-05-13,통과,1
E002020,P00369,5,확정배포,2024-06-22,통과,1
E002021,P00370,1,부서초안제출,2024-01-09,통과,1
E002022,P00370,2,예산실1차조정,2024-01-26,통과,1
E002023,P00370,3,경영진검토,2024-02-10,반려,1
E002024,P00370,3,경영진검토,2024-02-27,통과,2
E002025,P00370,4,이사회승인,2024-03-08,통과,1
E002026,P00370,5,확정배포,2024-03-21,통과,1
E002027,P00371,1,부서초안제출,2024-03-04,통과,1
E002028,P00371,2,예산실1차조정,2024-04-11,통과,1
E002029,P00371,3,경영진검토,2024-05-16,통과,1
E002030,P00371,4,이사회승인,2024-06-03,통과,1
E002031,P00371,5,확정배포,2024-07-05,통과,1
E002032,P00372,1,부서초안제출,2024-02-03,통과,1
E002033,P00372,2,예산실1차조정,2024-03-10,통과,1
E002034,P00372,3,경영진검토,2024-04-06,통과,1
E002035,P00372,4,이사회승인,2024-04-16,통과,1
E002036,P00372,5,확정배포,2024-05-12,통과,1
E002037,P00373,1,부서초안제출,2024-01-29,통과,1
E002038,P00373,2,예산실1차조정,2024-03-01,통과,1
E002039,P00373,3,경영진검토,2024-03-12,통과,1
E002040,P00373,4,이사회승인,2024-04-24,통과,1
E002041,P00373,5,확정배포,2024-05-12,철회,1
E002042,P00374,1,부서초안제출,2024-02-20,통과,1
E002043,P00374,2,예산실1차조정,2024-03-18,통과,1
E002044,P00374,3,경영진검토,2024-04-09,통과,1
E002045,P00374,4,이사회승인,2024-05-09,통과,1
E002046,P00374,5,확정배포,2024-05-29,통과,1
E002047,P00375,1,부서초안제출,2024-01-03,통과,1
E002048,P00375,2,예산실1차조정,2024-01-16,통과,1
E002049,P00375,3,경영진검토,2024-02-08,반려,1
E002050,P00375,3,경영진검토,2024-03-02,통과,2
E002051,P00375,4,이사회승인,2024-03-20,통과,1
E002052,P00375,5,확정배포,2024-04-04,통과,1
E002053,P00376,1,부서초안제출,2024-03-06,통과,1
E002054,P00376,2,예산실1차조정,2024-04-08,통과,1
E002055,P00376,3,경영진검토,2024-05-01,통과,1
E002056,P00376,4,이사회승인,2024-05-30,반려,1
E002057,P00376,4,이사회승인,2024-07-13,통과,2
E002058,P00376,5,확정배포,2024-07-31,통과,1
E002059,P00377,1,부서초안제출,2024-01-26,통과,1
E002060,P00377,2,예산실1차조정,2024-02-29,통과,1
E002061,P00377,3,경영진검토,2024-04-07,통과,1
E002062,P00377,4,이사회승인,2024-05-10,통과,1
E002063,P00377,5,확정배포,2024-05-26,통과,1
E002064,P00378,1,부서초안제출,2024-03-15,통과,1
E002065,P00378,2,예산실1차조정,2024-04-28,통과,1
E002066,P00378,3,경영진검토,2024-05-10,통과,1
E002067,P00378,4,이사회승인,2024-05-21,통과,1
E002068,P00378,5,확정배포,2024-06-22,반려,1
E002069,P00378,5,확정배포,2024-07-30,통과,2
E002070,P00379,1,부서초안제출,2025-02-17,통과,1
E002071,P00379,2,예산실1차조정,2025-03-12,통과,1
E002072,P00379,3,경영진검토,2025-04-21,통과,1
E002073,P00379,4,이사회승인,2025-05-27,반려,1
E002074,P00379,4,이사회승인,2025-06-24,반려,2
E002075,P00380,1,부서초안제출,2025-01-16,통과,1
E002076,P00380,2,예산실1차조정,2025-03-01,통과,1
E002077,P00380,3,경영진검토,2025-03-11,반려,1
E002078,P00380,3,경영진검토,2025-04-07,통과,2
E002079,P00380,4,이사회승인,2025-04-28,철회,1
E002080,P00381,1,부서초안제출,2025-02-04,통과,1
E002081,P00381,2,예산실1차조정,2025-02-14,통과,1
E002082,P00381,3,경영진검토,2025-02-28,통과,1
E002083,P00381,4,이사회승인,2025-03-14,반려,1
E002084,P00381,4,이사회승인,2025-04-04,통과,2
E002085,P00381,5,확정배포,2025-05-18,통과,1
E002086,P00382,1,부서초안제출,2025-01-10,통과,1
E002087,P00382,2,예산실1차조정,2025-02-19,통과,1
E002088,P00382,3,경영진검토,2025-03-11,통과,1
E002089,P00382,4,이사회승인,2025-04-23,반려,1
E002090,P00382,4,이사회승인,2025-05-30,반려,2
E002091,P00383,1,부서초안제출,2025-01-03,통과,1
E002092,P00383,2,예산실1차조정,2025-02-01,통과,1
E002093,P00383,3,경영진검토,2025-03-06,통과,1
E002094,P00383,4,이사회승인,2025-04-11,통과,1
E002095,P00383,5,확정배포,2025-04-25,통과,1
E002096,P00384,1,부서초안제출,2025-01-07,통과,1
E002097,P00384,2,예산실1차조정,2025-02-18,통과,1
E002098,P00384,3,경영진검토,2025-03-01,통과,1
E002099,P00384,4,이사회승인,2025-03-29,반려,1
E002100,P00384,4,이사회승인,2025-04-17,통과,2
E002101,P00384,5,확정배포,2025-05-13,통과,1
E002102,P00385,1,부서초안제출,2025-01-22,통과,1
E002103,P00385,2,예산실1차조정,2025-02-07,철회,1
E002104,P00386,1,부서초안제출,2025-02-20,통과,1
E002105,P00386,2,예산실1차조정,2025-04-01,통과,1
E002106,P00386,3,경영진검토,2025-04-25,철회,1
E002107,P00387,1,부서초안제출,2025-01-28,통과,1
E002108,P00387,2,예산실1차조정,2025-03-03,통과,1
E002109,P00387,3,경영진검토,2025-03-16,통과,1
E002110,P00387,4,이사회승인,2025-03-31,통과,1
E002111,P00387,5,확정배포,2025-05-12,통과,1
E002112,P00388,1,부서초안제출,2025-02-13,통과,1
E002113,P00388,2,예산실1차조정,2025-03-19,통과,1
E002114,P00388,3,경영진검토,2025-04-10,반려,1
E002115,P00388,3,경영진검토,2025-05-22,통과,2
E002116,P00388,4,이사회승인,2025-06-03,반려,1
E002117,P00388,4,이사회승인,2025-07-06,반려,2
E002118,P00389,1,부서초안제출,2025-03-01,통과,1
E002119,P00389,2,예산실1차조정,2025-03-29,통과,1
E002120,P00389,3,경영진검토,2025-05-04,통과,1
E002121,P00389,4,이사회승인,2025-06-12,통과,1
E002122,P00389,5,확정배포,2025-06-30,통과,1
E002123,P00390,1,부서초안제출,2026-01-16,통과,1
E002124,P00390,2,예산실1차조정,2026-02-02,통과,1
E002125,P00390,3,경영진검토,2026-02-18,통과,1
E002126,P00390,4,이사회승인,2026-03-22,반려,1
E002127,P00390,4,이사회승인,2026-05-05,통과,2
E002128,P00390,5,확정배포,2026-06-16,통과,1
E002129,P00391,1,부서초안제출,2026-03-06,통과,1
E002130,P00391,2,예산실1차조정,2026-03-21,통과,1
E002131,P00391,3,경영진검토,2026-04-30,통과,1
E002132,P00391,4,이사회승인,2026-05-29,통과,1
E002133,P00391,5,확정배포,2026-06-18,통과,1
E002134,P00392,1,부서초안제출,2026-02-18,통과,1
E002135,P00392,2,예산실1차조정,2026-03-17,통과,1
E002136,P00392,3,경영진검토,2026-04-13,통과,1
E002137,P00392,4,이사회승인,2026-04-26,통과,1
E002138,P00392,5,확정배포,2026-05-12,통과,1
E002139,P00393,1,부서초안제출,2026-01-20,통과,1
E002140,P00393,2,예산실1차조정,2026-02-17,통과,1
E002141,P00393,3,경영진검토,2026-03-08,통과,1
E002142,P00393,4,이사회승인,2026-03-24,통과,1
E002143,P00393,5,확정배포,2026-04-09,통과,1
E002144,P00394,1,부서초안제출,2026-01-02,통과,1
E002145,P00394,2,예산실1차조정,2026-01-28,반려,1
E002146,P00394,2,예산실1차조정,2026-03-03,통과,2
E002147,P00394,3,경영진검토,2026-04-14,통과,1
E002148,P00394,4,이사회승인,2026-05-13,통과,1
E002149,P00394,5,확정배포,2026-06-20,통과,1
E002150,P00395,1,부서초안제출,2026-03-01,통과,1
E002151,P00395,2,예산실1차조정,2026-04-10,통과,1
E002152,P00395,3,경영진검토,2026-04-30,반려,1
E002153,P00395,3,경영진검토,2026-06-03,통과,2
E002154,P00395,4,이사회승인,2026-06-28,통과,1
E002155,P00395,5,확정배포,2026-07-28,통과,1
E002156,P00396,1,부서초안제출,2026-01-30,통과,1
E002157,P00396,2,예산실1차조정,2026-03-11,통과,1
E002158,P00396,3,경영진검토,2026-04-06,철회,1
E002159,P00397,1,부서초안제출,2022-01-03,통과,1
E002160,P00397,2,예산실1차조정,2022-02-05,통과,1
E002161,P00397,3,경영진검토,2022-03-14,반려,1
E002162,P00397,3,경영진검토,2022-04-23,통과,2
E002163,P00397,4,이사회승인,2022-05-14,반려,1
E002164,P00397,4,이사회승인,2022-06-18,통과,2
E002165,P00397,5,확정배포,2022-07-07,통과,1
E002166,P00398,1,부서초안제출,2022-02-03,통과,1
E002167,P00398,2,예산실1차조정,2022-03-10,통과,1
E002168,P00398,3,경영진검토,2022-03-28,통과,1
E002169,P00398,4,이사회승인,2022-04-21,통과,1
E002170,P00398,5,확정배포,2022-05-15,통과,1
E002171,P00399,1,부서초안제출,2022-02-05,통과,1
E002172,P00399,2,예산실1차조정,2022-03-21,통과,1
E002173,P00399,3,경영진검토,2022-04-29,통과,1
E002174,P00399,4,이사회승인,2022-05-19,통과,1
E002175,P00399,5,확정배포,2022-06-14,통과,1
E002176,P00400,1,부서초안제출,2022-03-01,통과,1
E002177,P00400,2,예산실1차조정,2022-03-26,통과,1
E002178,P00400,3,경영진검토,2022-04-24,통과,1
E002179,P00400,4,이사회승인,2022-05-16,통과,1
E002180,P00400,5,확정배포,2022-05-31,통과,1
E002181,P00401,1,부서초안제출,2022-03-14,통과,1
E002182,P00401,2,예산실1차조정,2022-04-14,통과,1
E002183,P00401,3,경영진검토,2022-04-26,통과,1
E002184,P00401,4,이사회승인,2022-05-27,반려,1
E002185,P00401,4,이사회승인,2022-06-10,통과,2
E002186,P00401,5,확정배포,2022-07-02,통과,1
E002187,P00402,1,부서초안제출,2022-02-26,통과,1
E002188,P00402,2,예산실1차조정,2022-03-31,통과,1
E002189,P00402,3,경영진검토,2022-04-10,통과,1
E002190,P00402,4,이사회승인,2022-04-27,통과,1
E002191,P00402,5,확정배포,2022-05-25,통과,1
E002192,P00403,1,부서초안제출,2023-01-30,통과,1
E002193,P00403,2,예산실1차조정,,통과,1
E002194,P00403,3,경영진검토,2023-03-27,반려,1
E002195,P00403,3,경영진검토,2023-04-22,통과,2
E002196,P00403,4,이사회승인,2023-05-24,통과,1
E002197,P00403,5,확정배포,2023-07-07,통과,1
E002198,P00404,1,부서초안제출,2023-03-06,통과,1
E002199,P00404,2,예산실1차조정,2023-04-02,통과,1
E002200,P00404,3,경영진검토,2023-04-30,통과,1
E002201,P00404,4,이사회승인,2023-06-02,반려,1
E002202,P00404,4,이사회승인,2023-06-13,통과,2
E002203,P00404,5,확정배포,2023-07-04,철회,1
E002204,P00405,1,부서초안제출,2023-01-02,통과,1
E002205,P00405,2,예산실1차조정,2023-01-27,통과,1
E002206,P00405,3,경영진검토,2023-03-04,통과,1
E002207,P00405,4,이사회승인,2023-03-23,반려,1
E002208,P00405,4,이사회승인,2023-05-04,통과,2
E002209,P00405,5,확정배포,2023-06-15,통과,1
E002210,P00406,1,부서초안제출,2023-01-13,통과,1
E002211,P00406,2,예산실1차조정,2023-02-03,통과,1
E002212,P00406,3,경영진검토,2023-02-26,철회,1
E002213,P00407,1,부서초안제출,2023-01-21,통과,1
E002214,P00407,2,예산실1차조정,2023-02-08,통과,1
E002215,P00407,3,경영진검토,2023-02-24,반려,1
E002216,P00407,3,경영진검토,2023-03-25,통과,2
E002217,P00407,4,이사회승인,2023-04-30,통과,1
E002218,P00407,5,확정배포,2023-05-26,통과,1
E002219,P00408,1,부서초안제출,2023-03-03,통과,1
E002220,P00408,2,예산실1차조정,2023-03-29,통과,1
E002221,P00408,3,경영진검토,2023-04-23,통과,1
E002222,P00408,4,이사회승인,2023-05-16,통과,1
E002223,P00408,5,확정배포,2023-06-13,철회,1
E002224,P00409,1,부서초안제출,2023-01-17,통과,1
E002225,P00409,2,예산실1차조정,2023-02-04,통과,1
E002226,P00409,3,경영진검토,2023-03-01,통과,1
E002227,P00409,4,이사회승인,2023-03-20,통과,1
E002228,P00409,5,확정배포,2023-04-28,통과,1
E002229,P00410,1,부서초안제출,2024-03-04,통과,1
E002230,P00410,2,예산실1차조정,2024-04-10,통과,1
E002231,P00410,3,경영진검토,2024-05-11,통과,1
E002232,P00410,4,이사회승인,2024-06-15,통과,1
E002233,P00410,5,확정배포,2024-07-10,철회,1
E002234,P00411,1,부서초안제출,2024-01-10,통과,1
E002235,P00411,2,예산실1차조정,2024-02-04,통과,1
E002236,P00411,3,경영진검토,2024-02-28,통과,1
E002237,P00411,4,이사회승인,2024-03-29,반려,1
E002238,P00411,4,이사회승인,2024-04-12,통과,2
E002239,P00411,5,확정배포,2024-04-23,통과,1
E002240,P00412,1,부서초안제출,2024-01-16,통과,1
E002241,P00412,2,예산실1차조정,2024-02-25,반려,1
E002242,P00412,2,예산실1차조정,2024-03-09,통과,2
E002243,P00412,3,경영진검토,2024-04-09,통과,1
E002244,P00412,4,이사회승인,2024-04-19,반려,1
E002245,P00412,4,이사회승인,2024-05-08,통과,2
E002246,P00412,5,확정배포,2024-05-27,통과,1
E002247,P00413,1,부서초안제출,2024-02-14,통과,1
E002248,P00413,2,예산실1차조정,2024-03-05,통과,1
E002249,P00413,3,경영진검토,2024-04-02,통과,1
E002250,P00413,4,이사회승인,2024-04-20,통과,1
E002251,P00413,5,확정배포,2024-05-27,통과,1
E002252,P00414,1,부서초안제출,2024-01-17,통과,1
E002253,P00414,2,예산실1차조정,2024-02-16,통과,1
E002254,P00414,3,경영진검토,2024-03-02,통과,1
E002255,P00414,4,이사회승인,2024-03-16,통과,1
E002256,P00414,5,확정배포,2024-04-24,통과,1
E002257,P00415,1,부서초안제출,2025-03-16,통과,1
E002258,P00415,2,예산실1차조정,2025-04-11,통과,1
E002259,P00415,3,경영진검토,2025-05-06,통과,1
E002260,P00415,4,이사회승인,2025-06-19,반려,1
E002261,P00415,4,이사회승인,2025-07-16,반려,2
E002262,P00416,1,부서초안제출,2025-02-23,통과,1
E002263,P00416,2,예산실1차조정,2025-03-22,반려,1
E002264,P00416,2,예산실1차조정,2025-04-05,통과,2
E002265,P00416,3,경영진검토,2025-05-09,통과,1
E002266,P00416,4,이사회승인,2025-06-03,통과,1
E002267,P00416,5,확정배포,2025-06-20,통과,1
E002268,P00417,1,부서초안제출,2025-03-10,통과,1
E002269,P00417,2,예산실1차조정,2025-04-21,통과,1
E002270,P00417,3,경영진검토,2025-05-21,통과,1
E002271,P00417,4,이사회승인,2025-07-02,통과,1
E002272,P00417,5,확정배포,2025-08-01,통과,1
E002273,P00418,1,부서초안제출,2025-03-07,통과,1
E002274,P00418,2,예산실1차조정,2025-04-08,통과,1
E002275,P00418,3,경영진검토,2025-05-04,통과,1
E002276,P00418,4,이사회승인,2025-06-06,통과,1
E002277,P00418,5,확정배포,2025-07-13,통과,1
E002278,P00419,1,부서초안제출,2025-02-28,통과,1
E002279,P00419,2,예산실1차조정,2025-03-22,통과,1
E002280,P00419,3,경영진검토,2025-04-14,통과,1
E002281,P00419,4,이사회승인,2025-04-25,반려,1
E002282,P00419,4,이사회승인,2025-05-24,통과,2
E002283,P00419,5,확정배포,2025-07-01,통과,1
E002284,P00420,1,부서초안제출,2025-02-19,통과,1
E002285,P00420,2,예산실1차조정,2025-03-25,통과,1
E002286,P00420,3,경영진검토,2025-04-25,통과,1
E002287,P00420,4,이사회승인,2025-05-12,통과,1
E002288,P00420,5,확정배포,2025-06-14,통과,1
E002289,P00421,1,부서초안제출,2025-02-23,통과,1
E002290,P00421,2,예산실1차조정,2025-03-24,통과,1
E002291,P00421,3,경영진검토,2025-04-04,철회,1
E002292,P00422,1,부서초안제출,2025-01-01,통과,1
E002293,P00422,2,예산실1차조정,2025-01-15,철회,1
E002294,P00423,1,부서초안제출,2025-02-16,통과,1
E002295,P00423,2,예산실1차조정,2025-03-19,통과,1
E002296,P00423,3,경영진검토,2025-04-30,통과,1
E002297,P00423,4,이사회승인,2025-05-30,통과,1
E002298,P00423,5,확정배포,2025-06-19,통과,1
E002299,P00424,1,부서초안제출,2026-02-27,통과,1
E002300,P00424,2,예산실1차조정,2026-03-16,통과,1
E002301,P00424,3,경영진검토,2026-04-16,통과,1
E002302,P00424,4,이사회승인,2026-05-18,통과,1
E002303,P00424,5,확정배포,2026-05-31,철회,1
E002304,P00425,1,부서초안제출,2026-03-06,통과,1
E002305,P00425,2,예산실1차조정,2026-04-08,통과,1
E002306,P00425,3,경영진검토,2026-05-08,통과,1
E002307,P00425,4,이사회승인,2026-06-06,통과,1
E002308,P00425,5,확정배포,2026-07-07,통과,1
E002309,P00426,1,부서초안제출,2026-02-17,통과,1
E002310,P00426,2,예산실1차조정,2026-03-04,통과,1
E002311,P00426,3,경영진검토,2026-04-12,통과,1
E002312,P00426,4,이사회승인,2026-05-16,통과,1
E002313,P00426,5,확정배포,2026-06-28,통과,1
E002314,P00427,1,부서초안제출,2026-02-24,통과,1
E002315,P00427,2,예산실1차조정,2026-04-02,통과,1
E002316,P00427,3,경영진검토,2026-04-29,반려,1
E002317,P00427,3,경영진검토,2026-05-22,통과,2
E002318,P00427,4,이사회승인,2026-06-30,통과,1
E002319,P00427,5,확정배포,2026-08-06,통과,1
E002320,P00428,1,부서초안제출,2026-02-02,통과,1
E002321,P00428,2,예산실1차조정,2026-02-09,철회,1
E002322,P00429,1,부서초안제출,2026-01-01,통과,1
E002323,P00429,2,예산실1차조정,2026-02-07,통과,1
E002324,P00429,3,경영진검토,2026-03-07,반려,1
E002325,P00429,3,경영진검토,2026-04-12,통과,2
E002326,P00429,4,이사회승인,2026-04-28,통과,1
E002327,P00429,5,확정배포,2026-05-14,통과,1
E002328,P00430,1,부서초안제출,2026-01-24,통과,1
E002329,P00430,2,예산실1차조정,2026-02-23,통과,1
E002330,P00430,3,경영진검토,2026-03-13,반려,1
E002331,P00430,3,경영진검토,2026-04-20,통과,2
E002332,P00430,4,이사회승인,2026-05-07,통과,1
E002333,P00430,5,확정배포,2026-06-05,통과,1
E002334,P00431,1,부서초안제출,2026-01-21,통과,1
E002335,P00431,2,예산실1차조정,2026-02-17,통과,1
E002336,P00431,3,경영진검토,2026-02-28,통과,1
E002337,P00431,4,이사회승인,2026-03-17,통과,1
E002338,P00431,5,확정배포,2026-04-28,통과,1
E002339,P00432,1,부서초안제출,2026-01-30,통과,1
E002340,P00432,2,예산실1차조정,2026-02-18,통과,1
E002341,P00432,3,경영진검토,2026-04-01,반려,1
E002342,P00432,3,경영진검토,2026-04-28,통과,2
E002343,P00432,4,이사회승인,2026-05-24,통과,1
E002344,P00432,5,확정배포,2026-06-08,통과,1
E002345,P00433,1,부서초안제출,2026-02-01,통과,1
E002346,P00433,2,예산실1차조정,2026-03-03,반려,1
E002347,P00433,2,예산실1차조정,2026-03-15,통과,2
E002348,P00433,3,경영진검토,2026-04-08,반려,1
E002349,P00433,3,경영진검토,2026-05-17,통과,2
E002350,P00433,4,이사회승인,2026-06-06,통과,1
E002351,P00433,5,확정배포,2026-06-20,통과,1
E002352,P00434,1,부서초안제출,2026-03-16,통과,1
E002353,P00434,2,예산실1차조정,2026-04-16,반려,1
E002354,P00434,2,예산실1차조정,2026-05-24,통과,2
E002355,P00434,3,경영진검토,2026-06-26,통과,1
E002356,P00434,4,이사회승인,2026-07-06,통과,1
E002357,P00434,5,확정배포,2026-08-13,통과,1
E002358,P00435,1,부서초안제출,2026-01-22,통과,1
E002359,P00435,2,예산실1차조정,2026-02-15,통과,1
E002360,P00435,3,경영진검토,2026-03-18,통과,1
E002361,P00435,4,이사회승인,2026-04-03,반려,1
E002362,P00435,4,이사회승인,2026-05-04,통과,2
E002363,P00435,5,확정배포,2026-06-07,통과,1
E002364,P00436,1,부서초안제출,2022-01-08,통과,1
E002365,P00436,2,예산실1차조정,2022-02-02,통과,1
E002366,P00436,3,경영진검토,2022-02-16,반려,1
E002367,P00436,3,경영진검토,2022-03-05,반려,2
E002368,P00437,1,부서초안제출,2022-01-14,통과,1
E002369,P00437,2,예산실1차조정,2022-02-03,통과,1
E002370,P00437,3,경영진검토,2022-03-19,통과,1
E002371,P00437,4,이사회승인,2022-04-15,통과,1
E002372,P00437,5,확정배포,2022-05-19,통과,1
E002373,P00438,1,부서초안제출,2022-02-16,통과,1
E002374,P00438,2,예산실1차조정,2022-03-07,통과,1
E002375,P00438,3,경영진검토,2022-03-28,통과,1
E002376,P00438,4,이사회승인,2022-05-03,반려,1
E002377,P00438,4,이사회승인,2022-05-22,통과,2
E002378,P00438,5,확정배포,2022-06-23,통과,1
E002379,P00439,1,부서초안제출,2022-01-17,통과,1
E002380,P00439,2,예산실1차조정,2022-02-14,통과,1
E002381,P00439,3,경영진검토,2022-03-16,반려,1
E002382,P00439,3,경영진검토,2022-04-12,통과,2
E002383,P00439,4,이사회승인,2022-05-24,통과,1
E002384,P00439,5,확정배포,2022-06-20,통과,1
E002385,P00440,1,부서초안제출,2022-01-28,통과,1
E002386,P00440,2,예산실1차조정,2022-03-08,통과,1
E002387,P00440,3,경영진검토,2022-04-08,통과,1
E002388,P00440,4,이사회승인,2022-04-26,통과,1
E002389,P00440,5,확정배포,2022-05-12,통과,1
E002390,P00441,1,부서초안제출,2022-02-03,통과,1
E002391,P00441,2,예산실1차조정,2022-02-24,철회,1
E002392,P00442,1,부서초안제출,2022-01-19,통과,1
E002393,P00442,2,예산실1차조정,2022-02-21,통과,1
E002394,P00442,3,경영진검토,2022-03-18,통과,1
E002395,P00442,4,이사회승인,2022-04-28,반려,1
E002396,P00442,4,이사회승인,2022-06-03,통과,2
E002397,P00442,5,확정배포,2022-06-17,반려,1
E002398,P00442,5,확정배포,2022-07-20,통과,2
E002399,P00443,1,부서초안제출,2022-02-03,통과,1
E002400,P00443,2,예산실1차조정,2022-03-19,통과,1
E002401,P00443,3,경영진검토,2022-04-07,통과,1
E002402,P00443,4,이사회승인,2022-05-09,통과,1
E002403,P00443,5,확정배포,2022-05-19,통과,1
E002404,P00444,1,부서초안제출,2022-02-25,통과,1
E002405,P00444,2,예산실1차조정,2022-03-09,반려,1
E002406,P00444,2,예산실1차조정,2022-04-14,통과,2
E002407,P00444,3,경영진검토,,통과,1
E002408,P00444,4,이사회승인,2022-06-15,통과,1
E002409,P00444,5,확정배포,2022-07-05,통과,1
E002410,P00445,1,부서초안제출,2023-01-08,통과,1
E002411,P00445,2,예산실1차조정,2023-02-14,통과,1
E002412,P00445,3,경영진검토,2023-03-02,철회,1
E002413,P00446,1,부서초안제출,2023-01-27,통과,1
E002414,P00446,2,예산실1차조정,2023-02-12,반려,1
E002415,P00446,2,예산실1차조정,2023-03-01,통과,2
E002416,P00446,3,경영진검토,2023-03-25,통과,1
E002417,P00446,4,이사회승인,2023-04-17,통과,1
E002418,P00446,5,확정배포,2023-04-30,통과,1
E002419,P00447,1,부서초안제출,2023-03-14,통과,1
E002420,P00447,2,예산실1차조정,2023-04-03,통과,1
E002421,P00447,3,경영진검토,2023-04-14,통과,1
E002422,P00447,4,이사회승인,2023-05-11,반려,1
E002423,P00447,4,이사회승인,2023-05-24,통과,2
E002424,P00447,5,확정배포,2023-06-19,통과,1
E002425,P00448,1,부서초안제출,2023-02-03,통과,1
E002426,P00448,2,예산실1차조정,2023-03-11,통과,1
E002427,P00448,3,경영진검토,2023-04-08,통과,1
E002428,P00448,4,이사회승인,2023-04-24,통과,1
E002429,P00448,5,확정배포,2023-06-02,통과,1
E002430,P00449,1,부서초안제출,2023-01-28,통과,1
E002431,P00449,2,예산실1차조정,2023-02-11,통과,1
E002432,P00449,3,경영진검토,2023-03-25,반려,1
E002433,P00449,3,경영진검토,2023-04-24,통과,2
E002434,P00449,4,이사회승인,2023-06-01,반려,1
E002435,P00449,4,이사회승인,2023-07-13,반려,2
E002436,P00450,1,부서초안제출,2023-02-13,통과,1
E002437,P00450,2,예산실1차조정,2023-03-21,통과,1
E002438,P00450,3,경영진검토,2023-05-03,통과,1
E002439,P00450,4,이사회승인,2023-06-09,반려,1
E002440,P00450,4,이사회승인,2023-06-22,통과,2
E002441,P00450,5,확정배포,2023-07-19,통과,1
E002442,P00451,1,부서초안제출,2023-02-15,통과,1
E002443,P00451,2,예산실1차조정,2023-03-10,통과,1
E002444,P00451,3,경영진검토,2023-04-12,반려,1
E002445,P00451,3,경영진검토,2023-05-14,통과,2
E002446,P00451,4,이사회승인,2023-06-01,반려,1
E002447,P00451,4,이사회승인,2023-06-13,반려,2
E002448,P00452,1,부서초안제출,2023-02-16,통과,1
E002449,P00452,2,예산실1차조정,2023-03-01,철회,1
E002450,P00453,1,부서초안제출,2023-02-17,통과,1
E002451,P00453,2,예산실1차조정,2023-04-01,통과,1
E002452,P00453,3,경영진검토,2023-04-20,통과,1
E002453,P00453,4,이사회승인,2023-05-24,통과,1
E002454,P00453,5,확정배포,2023-06-15,통과,1
E002455,P00454,1,부서초안제출,2023-01-03,통과,1
E002456,P00454,2,예산실1차조정,2023-01-27,통과,1
E002457,P00454,3,경영진검토,2023-02-18,통과,1
E002458,P00454,4,이사회승인,2023-03-01,반려,1
E002459,P00454,4,이사회승인,2023-03-19,통과,2
E002460,P00454,5,확정배포,2023-04-30,통과,1
E002461,P00455,1,부서초안제출,2023-01-20,통과,1
E002462,P00455,2,예산실1차조정,2023-02-24,통과,1
E002463,P00455,3,경영진검토,2023-03-17,통과,1
E002464,P00455,4,이사회승인,2023-04-20,통과,1
E002465,P00455,5,확정배포,2023-05-24,통과,1
E002466,P00456,1,부서초안제출,2024-02-23,통과,1
E002467,P00456,2,예산실1차조정,2024-03-24,통과,1
E002468,P00456,3,경영진검토,2024-04-07,통과,1
E002469,P00456,4,이사회승인,2024-05-10,반려,1
E002470,P00456,4,이사회승인,2024-06-07,통과,2
E002471,P00456,5,확정배포,2024-07-10,통과,1
E002472,P00457,1,부서초안제출,2024-02-17,통과,1
E002473,P00457,2,예산실1차조정,2024-03-18,통과,1
E002474,P00457,3,경영진검토,2024-03-29,통과,1
E002475,P00457,4,이사회승인,2024-04-10,반려,1
E002476,P00457,4,이사회승인,2024-05-04,통과,2
E002477,P00457,5,확정배포,2024-06-16,통과,1
E002478,P00458,1,부서초안제출,2024-01-02,통과,1
E002479,P00458,2,예산실1차조정,2024-01-23,통과,1
E002480,P00458,3,경영진검토,2024-02-04,통과,1
E002481,P00458,4,이사회승인,2024-03-07,반려,1
E002482,P00458,4,이사회승인,2024-03-22,통과,2
E002483,P00458,5,확정배포,2024-04-08,통과,1
E002484,P00459,1,부서초안제출,2024-03-08,통과,1
E002485,P00459,2,예산실1차조정,2024-04-14,통과,1
E002486,P00459,3,경영진검토,2024-04-30,통과,1
E002487,P00459,4,이사회승인,2024-05-16,통과,1
E002488,P00459,5,확정배포,2024-06-23,통과,1
E002489,P00460,1,부서초안제출,2025-01-09,통과,1
E002490,P00460,2,예산실1차조정,2025-02-03,통과,1
E002491,P00460,3,경영진검토,2025-02-16,통과,1
E002492,P00460,4,이사회승인,2025-02-27,통과,1
E002493,P00460,5,확정배포,2025-03-13,통과,1
E002494,P00461,1,부서초안제출,2025-02-11,통과,1
E002495,P00461,2,예산실1차조정,2025-03-19,통과,1
E002496,P00461,3,경영진검토,2025-04-05,통과,1
E002497,P00461,4,이사회승인,2025-05-05,반려,1
E002498,P00461,4,이사회승인,2025-05-21,통과,2
E002499,P00461,5,확정배포,2025-05-29,철회,1
E002500,P00462,1,부서초안제출,2025-03-13,통과,1
E002501,P00462,2,예산실1차조정,2025-04-26,통과,1
E002502,P00462,3,경영진검토,2025-05-19,통과,1
E002503,P00462,4,이사회승인,2025-06-02,반려,1
E002504,P00462,4,이사회승인,2025-07-04,반려,2
E002505,P00463,1,부서초안제출,2025-02-18,통과,1
E002506,P00463,2,예산실1차조정,2025-04-01,통과,1
E002507,P00463,3,경영진검토,2025-04-22,통과,1
E002508,P00463,4,이사회승인,2025-05-16,반려,1
E002509,P00463,4,이사회승인,2025-06-11,반려,2
E002510,P00464,1,부서초안제출,2025-01-16,통과,1
E002511,P00464,2,예산실1차조정,2025-02-08,통과,1
E002512,P00464,3,경영진검토,2025-03-18,반려,1
E002513,P00464,3,경영진검토,2025-04-13,통과,2
E002514,P00464,4,이사회승인,2025-05-02,반려,1
E002515,P00464,4,이사회승인,2025-06-04,통과,2
E002516,P00464,5,확정배포,2025-06-29,통과,1
E002517,P00465,1,부서초안제출,2025-03-09,통과,1
E002518,P00465,2,예산실1차조정,2025-03-25,통과,1
E002519,P00465,3,경영진검토,2025-04-19,통과,1
E002520,P00465,4,이사회승인,2025-05-05,통과,1
E002521,P00465,5,확정배포,2025-06-10,통과,1
E002522,P00466,1,부서초안제출,2025-02-25,통과,1
E002523,P00466,2,예산실1차조정,2025-03-23,통과,1
E002524,P00466,3,경영진검토,2025-04-06,통과,1
E002525,P00466,4,이사회승인,2025-05-07,통과,1
E002526,P00466,5,확정배포,2025-06-19,통과,1
E002527,P00467,1,부서초안제출,2025-03-11,통과,1
E002528,P00467,2,예산실1차조정,2025-03-28,반려,1
E002529,P00467,2,예산실1차조정,2025-05-03,통과,2
E002530,P00467,3,경영진검토,2025-05-13,통과,1
E002531,P00467,4,이사회승인,2025-06-01,반려,1
E002532,P00467,4,이사회승인,2025-07-12,통과,2
E002533,P00467,5,확정배포,2025-08-13,통과,1
E002534,P00468,1,부서초안제출,2025-02-25,통과,1
E002535,P00468,2,예산실1차조정,2025-04-05,반려,1
E002536,P00468,2,예산실1차조정,2025-04-26,통과,2
E002537,P00468,3,경영진검토,2025-05-16,통과,1
E002538,P00468,4,이사회승인,2025-06-05,통과,1
E002539,P00468,5,확정배포,2025-07-06,통과,1
E002540,P00469,1,부서초안제출,2025-01-09,통과,1
E002541,P00469,2,예산실1차조정,2025-02-18,통과,1
E002542,P00469,3,경영진검토,2025-03-27,통과,1
E002543,P00469,4,이사회승인,2025-05-01,통과,1
E002544,P00469,5,확정배포,2025-05-22,통과,1
E002545,P00470,1,부서초안제출,2025-02-06,통과,1
E002546,P00470,2,예산실1차조정,2025-02-22,통과,1
E002547,P00470,3,경영진검토,2025-03-11,통과,1
E002548,P00470,4,이사회승인,2025-04-05,반려,1
E002549,P00470,4,이사회승인,2025-05-17,통과,2
E002550,P00470,5,확정배포,2025-06-06,통과,1
E002551,P00471,1,부서초안제출,2025-02-24,통과,1
E002552,P00471,2,예산실1차조정,2025-03-18,통과,1
E002553,P00471,3,경영진검토,2025-04-10,통과,1
E002554,P00471,4,이사회승인,2025-05-16,통과,1
E002555,P00471,5,확정배포,2025-05-23,철회,1
E002556,P00472,1,부서초안제출,2026-02-19,통과,1
E002557,P00472,2,예산실1차조정,2026-03-20,통과,1
E002558,P00472,3,경영진검토,2026-03-31,통과,1
E002559,P00472,4,이사회승인,2026-05-14,통과,1
E002560,P00472,5,확정배포,2026-06-27,통과,1
E002561,P00473,1,부서초안제출,2026-01-05,통과,1
E002562,P00473,2,예산실1차조정,2026-01-24,통과,1
E002563,P00473,3,경영진검토,2026-03-05,통과,1
E002564,P00473,4,이사회승인,2026-03-24,통과,1
E002565,P00473,5,확정배포,2026-05-05,통과,1
E002566,P00474,1,부서초안제출,2026-03-11,통과,1
E002567,P00474,2,예산실1차조정,2026-04-22,통과,1
E002568,P00474,3,경영진검토,2026-05-21,통과,1
E002569,P00474,4,이사회승인,2026-06-16,철회,1
E002570,P00475,1,부서초안제출,2026-02-21,통과,1
E002571,P00475,2,예산실1차조정,2026-03-20,통과,1
E002572,P00475,3,경영진검토,2026-04-19,반려,1
E002573,P00475,3,경영진검토,2026-05-22,통과,2
E002574,P00475,4,이사회승인,2026-06-20,통과,1
E002575,P00475,5,확정배포,2026-07-13,통과,1
E002576,P00476,1,부서초안제출,2026-02-03,통과,1
E002577,P00476,2,예산실1차조정,2026-03-18,통과,1
E002578,P00476,3,경영진검토,2026-04-11,통과,1
E002579,P00476,4,이사회승인,2026-05-05,통과,1
E002580,P00476,5,확정배포,2026-05-23,통과,1
E002581,P00477,1,부서초안제출,2026-02-17,통과,1
E002582,P00477,2,예산실1차조정,2026-03-16,통과,1
E002583,P00477,3,경영진검토,2026-04-11,반려,1
E002584,P00477,3,경영진검토,2026-05-06,통과,2
E002585,P00477,4,이사회승인,2026-06-16,통과,1
E002586,P00477,5,확정배포,2026-07-15,통과,1
E002587,P00478,1,부서초안제출,2026-02-02,통과,1
E002588,P00478,2,예산실1차조정,2026-03-11,통과,1
E002589,P00478,3,경영진검토,2026-03-31,통과,1
E002590,P00478,4,이사회승인,2026-04-12,통과,1
E002591,P00478,5,확정배포,2026-05-21,통과,1
E002592,P00479,1,부서초안제출,2026-01-21,통과,1
E002593,P00479,2,예산실1차조정,2026-02-10,통과,1
E002594,P00479,3,경영진검토,2026-03-03,통과,1
E002595,P00479,4,이사회승인,2026-04-07,통과,1
E002596,P00479,5,확정배포,2026-05-12,통과,1
E002597,P00480,1,부서초안제출,2026-01-14,통과,1
E002598,P00480,2,예산실1차조정,2026-02-07,통과,1
E002599,P00480,3,경영진검토,2026-03-12,통과,1
E002600,P00480,4,이사회승인,2026-03-27,반려,1
E002601,P00480,4,이사회승인,2026-04-19,통과,2
E002602,P00480,5,확정배포,2026-05-08,통과,1
E002603,P00481,1,부서초안제출,2026-02-16,통과,1
E002604,P00481,2,예산실1차조정,2026-04-01,통과,1
E002605,P00481,3,경영진검토,2026-04-26,통과,1
E002606,P00481,4,이사회승인,2026-05-12,통과,1
E002607,P00481,5,확정배포,2026-06-03,통과,1
E002608,P00482,1,부서초안제출,2026-03-01,통과,1
E002609,P00482,2,예산실1차조정,2026-04-07,통과,1
E002610,P00482,3,경영진검토,2026-04-19,철회,1
E002611,P00483,1,부서초안제출,2026-02-09,통과,1
E002612,P00483,2,예산실1차조정,2026-03-25,통과,1
E002613,P00483,3,경영진검토,2026-04-28,통과,1
E002614,P00483,4,이사회승인,2026-06-10,반려,1
E002615,P00483,4,이사회승인,2026-07-11,통과,2
E002616,P00483,5,확정배포,2026-07-29,통과,1
E002617,P00484,1,부서초안제출,2022-02-13,통과,1
E002618,P00484,2,예산실1차조정,2022-02-28,통과,1
E002619,P00484,3,경영진검토,2022-03-28,통과,1
E002620,P00484,4,이사회승인,2022-04-20,통과,1
E002621,P00484,5,확정배포,2022-05-13,철회,1
E002622,P00485,1,부서초안제출,2022-01-06,통과,1
E002623,P00485,2,예산실1차조정,2022-01-19,통과,1
E002624,P00485,3,경영진검토,2022-03-01,통과,1
E002625,P00485,4,이사회승인,2022-03-16,통과,1
E002626,P00485,5,확정배포,2022-04-21,통과,1
E002627,P00486,1,부서초안제출,2022-02-20,통과,1
E002628,P00486,2,예산실1차조정,2022-03-31,통과,1
E002629,P00486,3,경영진검토,2022-05-13,통과,1
E002630,P00486,4,이사회승인,2022-06-18,반려,1
E002631,P00486,4,이사회승인,2022-07-13,통과,2
E002632,P00486,5,확정배포,2022-08-21,통과,1
E002633,P00487,1,부서초안제출,2022-03-08,통과,1
E002634,P00487,2,예산실1차조정,2022-04-06,통과,1
E002635,P00487,3,경영진검토,2022-05-04,반려,1
E002636,P00487,3,경영진검토,2022-06-11,통과,2
E002637,P00487,4,이사회승인,2022-07-16,통과,1
E002638,P00487,5,확정배포,2022-08-21,통과,1
E002639,P00488,1,부서초안제출,2022-03-16,통과,1
E002640,P00488,2,예산실1차조정,2022-04-23,통과,1
E002641,P00488,3,경영진검토,2022-05-13,통과,1
E002642,P00488,4,이사회승인,2022-06-02,반려,1
E002643,P00488,4,이사회승인,2022-07-08,통과,2
E002644,P00488,5,확정배포,2022-08-18,통과,1
E002645,P00489,1,부서초안제출,2022-03-14,통과,1
E002646,P00489,2,예산실1차조정,2022-04-16,통과,1
E002647,P00489,3,경영진검토,2022-05-26,반려,1
E002648,P00489,3,경영진검토,2022-07-02,통과,2
E002649,P00489,4,이사회승인,2022-07-12,반려,1
E002650,P00489,4,이사회승인,2022-07-28,반려,2
E002651,P00490,1,부서초안제출,2022-01-04,통과,1
E002652,P00490,2,예산실1차조정,2022-02-16,통과,1
E002653,P00490,3,경영진검토,2022-03-04,통과,1
E002654,P00490,4,이사회승인,2022-03-17,통과,1
E002655,P00490,5,확정배포,,통과,1
E002656,P00491,1,부서초안제출,2022-01-04,통과,1
E002657,P00491,2,예산실1차조정,2022-01-26,통과,1
E002658,P00491,3,경영진검토,2022-03-09,통과,1
E002659,P00491,4,이사회승인,2022-04-10,반려,1
E002660,P00491,4,이사회승인,2022-05-02,통과,2
E002661,P00491,5,확정배포,2022-06-10,통과,1
E002662,P00492,1,부서초안제출,2023-01-25,통과,1
E002663,P00492,2,예산실1차조정,2023-02-11,통과,1
E002664,P00492,3,경영진검토,2023-03-23,반려,1
E002665,P00492,3,경영진검토,2023-04-05,반려,2
E002666,P00493,1,부서초안제출,2023-01-14,통과,1
E002667,P00493,2,예산실1차조정,2023-02-09,통과,1
E002668,P00493,3,경영진검토,2023-03-24,통과,1
E002669,P00493,4,이사회승인,2023-05-01,반려,1
E002670,P00493,4,이사회승인,2023-05-15,통과,2
E002671,P00493,5,확정배포,2023-06-18,통과,1
E002672,P00494,1,부서초안제출,2023-01-08,통과,1
E002673,P00494,2,예산실1차조정,2023-02-08,통과,1
E002674,P00494,3,경영진검토,2023-03-21,통과,1
E002675,P00494,4,이사회승인,2023-04-14,반려,1
E002676,P00494,4,이사회승인,2023-05-15,반려,2
E002677,P00495,1,부서초안제출,2023-02-08,통과,1
E002678,P00495,2,예산실1차조정,2023-03-02,통과,1
E002679,P00495,3,경영진검토,2023-03-14,통과,1
E002680,P00495,4,이사회승인,2023-04-10,반려,1
E002681,P00495,4,이사회승인,2023-05-15,반려,2
E002682,P00496,1,부서초안제출,2023-01-19,통과,1
E002683,P00496,2,예산실1차조정,2023-02-08,통과,1
E002684,P00496,3,경영진검토,2023-02-28,통과,1
E002685,P00496,4,이사회승인,2023-04-08,통과,1
E002686,P00496,5,확정배포,2023-05-04,통과,1
E002687,P00497,1,부서초안제출,,통과,1
E002688,P00497,2,예산실1차조정,2023-03-16,통과,1
E002689,P00497,3,경영진검토,2023-04-18,통과,1
E002690,P00497,4,이사회승인,2023-05-06,반려,1
E002691,P00497,4,이사회승인,2023-05-19,통과,2
E002692,P00497,5,확정배포,2023-05-31,통과,1
E002693,P00498,1,부서초안제출,2024-03-11,통과,1
E002694,P00498,2,예산실1차조정,2024-04-01,통과,1
E002695,P00498,3,경영진검토,2024-05-05,통과,1
E002696,P00498,4,이사회승인,2024-06-16,반려,1
E002697,P00498,4,이사회승인,2024-07-19,반려,2
E002698,P00499,1,부서초안제출,2024-03-15,통과,1
E002699,P00499,2,예산실1차조정,2024-04-08,통과,1
E002700,P00499,3,경영진검토,2024-04-19,통과,1
E002701,P00499,4,이사회승인,2024-05-31,통과,1
E002702,P00499,5,확정배포,2024-06-11,철회,1
E002703,P00500,1,부서초안제출,2024-01-22,통과,1
E002704,P00500,2,예산실1차조정,2024-02-23,통과,1
E002705,P00500,3,경영진검토,2024-03-20,통과,1
E002706,P00500,4,이사회승인,2024-04-24,통과,1
E002707,P00500,5,확정배포,2024-05-24,통과,1
E002708,P00501,1,부서초안제출,2024-01-09,통과,1
E002709,P00501,2,예산실1차조정,2024-02-07,통과,1
E002710,P00501,3,경영진검토,2024-03-09,통과,1
E002711,P00501,4,이사회승인,2024-03-26,반려,1
E002712,P00501,4,이사회승인,2024-04-12,반려,2
E002713,P00502,1,부서초안제출,2024-01-27,통과,1
E002714,P00502,2,예산실1차조정,2024-02-23,통과,1
E002715,P00502,3,경영진검토,2024-04-06,반려,1
E002716,P00502,3,경영진검토,2024-04-18,통과,2
E002717,P00502,4,이사회승인,2024-05-16,통과,1
E002718,P00502,5,확정배포,2024-06-24,통과,1
E002719,P00503,1,부서초안제출,2025-03-05,통과,1
E002720,P00503,2,예산실1차조정,2025-03-22,통과,1
E002721,P00503,3,경영진검토,2025-04-30,통과,1
E002722,P00503,4,이사회승인,2025-05-19,반려,1
E002723,P00503,4,이사회승인,2025-06-28,통과,2
E002724,P00503,5,확정배포,2025-08-03,반려,1
E002725,P00503,5,확정배포,2025-08-17,통과,2
E002726,P00504,1,부서초안제출,2025-02-11,통과,1
E002727,P00504,2,예산실1차조정,2025-03-11,통과,1
E002728,P00504,3,경영진검토,2025-04-20,반려,1
E002729,P00504,3,경영진검토,2025-05-27,통과,2
E002730,P00504,4,이사회승인,2025-06-30,반려,1
E002731,P00504,4,이사회승인,2025-07-10,통과,2
E002732,P00504,5,확정배포,2025-08-05,통과,1
E002733,P00505,1,부서초안제출,2025-01-13,통과,1
E002734,P00505,2,예산실1차조정,2025-01-31,반려,1
E002735,P00505,2,예산실1차조정,2025-02-11,통과,2
E002736,P00505,3,경영진검토,2025-03-13,통과,1
E002737,P00505,4,이사회승인,2025-03-31,통과,1
E002738,P00505,5,확정배포,2025-05-02,통과,1
E002739,P00506,1,부서초안제출,2025-02-19,통과,1
E002740,P00506,2,예산실1차조정,2025-03-28,통과,1
E002741,P00506,3,경영진검토,2025-04-12,통과,1
E002742,P00506,4,이사회승인,2025-05-10,통과,1
E002743,P00506,5,확정배포,2025-06-12,통과,1
E002744,P00507,1,부서초안제출,2025-01-18,통과,1
E002745,P00507,2,예산실1차조정,2025-02-12,통과,1
E002746,P00507,3,경영진검토,2025-03-22,통과,1
E002747,P00507,4,이사회승인,2025-04-20,통과,1
E002748,P00507,5,확정배포,2025-04-26,철회,1
E002749,P00508,1,부서초안제출,2026-03-15,통과,1
E002750,P00508,2,예산실1차조정,2026-04-11,통과,1
E002751,P00508,3,경영진검토,2026-04-25,통과,1
E002752,P00508,4,이사회승인,2026-05-15,통과,1
E002753,P00508,5,확정배포,2026-06-19,반려,1
E002754,P00508,5,확정배포,2026-07-17,통과,2
E002755,P00509,1,부서초안제출,2026-02-21,통과,1
E002756,P00509,2,예산실1차조정,2026-03-10,통과,1
E002757,P00509,3,경영진검토,2026-04-20,통과,1
E002758,P00509,4,이사회승인,2026-05-17,통과,1
E002759,P00509,5,확정배포,2026-06-19,통과,1
E002760,P00510,1,부서초안제출,2026-01-28,통과,1
E002761,P00510,2,예산실1차조정,2026-03-12,통과,1
E002762,P00510,3,경영진검토,2026-04-07,반려,1
E002763,P00510,3,경영진검토,2026-05-03,통과,2
E002764,P00510,4,이사회승인,2026-06-13,통과,1
E002765,P00510,5,확정배포,2026-06-25,통과,1
E002766,P00511,1,부서초안제출,2026-03-06,통과,1
E002767,P00511,2,예산실1차조정,2026-04-05,통과,1
E002768,P00511,3,경영진검토,2026-05-04,통과,1
E002769,P00511,4,이사회승인,2026-06-17,반려,1
E002770,P00511,4,이사회승인,2026-07-26,반려,2
E002771,P00512,1,부서초안제출,2026-01-29,통과,1
E002772,P00512,2,예산실1차조정,2026-02-22,철회,1
E002773,P00513,1,부서초안제출,2022-02-16,통과,1
E002774,P00513,2,예산실1차조정,2022-04-01,통과,1
E002775,P00513,3,경영진검토,2022-04-16,반려,1
E002776,P00513,3,경영진검토,2022-05-12,통과,2
E002777,P00513,4,이사회승인,2022-06-25,반려,1
E002778,P00513,4,이사회승인,,반려,2
E002779,P00514,1,부서초안제출,2022-03-04,통과,1
E002780,P00514,2,예산실1차조정,2022-04-02,통과,1
E002781,P00514,3,경영진검토,2022-05-14,통과,1
E002782,P00514,4,이사회승인,2022-06-02,반려,1
E002783,P00514,4,이사회승인,2022-06-12,반려,2
E002784,P00515,1,부서초안제출,2022-02-04,통과,1
E002785,P00515,2,예산실1차조정,2022-03-17,통과,1
E002786,P00515,3,경영진검토,2022-04-23,통과,1
E002787,P00515,4,이사회승인,2022-05-03,통과,1
E002788,P00515,5,확정배포,2022-06-10,통과,1
E002789,P00516,1,부서초안제출,2022-01-30,통과,1
E002790,P00516,2,예산실1차조정,2022-03-06,통과,1
E002791,P00516,3,경영진검토,2022-03-31,통과,1
E002792,P00516,4,이사회승인,2022-04-14,철회,1
E002793,P00517,1,부서초안제출,2022-01-03,통과,1
E002794,P00517,2,예산실1차조정,2022-01-21,반려,1
E002795,P00517,2,예산실1차조정,2022-02-28,통과,2
E002796,P00517,3,경영진검토,2022-03-19,통과,1
E002797,P00517,4,이사회승인,2022-04-03,반려,1
E002798,P00517,4,이사회승인,2022-04-23,통과,2
E002799,P00517,5,확정배포,2022-05-20,통과,1
E002800,P00518,1,부서초안제출,2023-03-10,통과,1
E002801,P00518,2,예산실1차조정,2023-03-15,철회,1
E002802,P00519,1,부서초안제출,2023-01-14,통과,1
E002803,P00519,2,예산실1차조정,2023-02-17,통과,1
E002804,P00519,3,경영진검토,,반려,1
E002805,P00519,3,경영진검토,2023-04-01,통과,2
E002806,P00519,4,이사회승인,2023-04-17,통과,1
E002807,P00519,5,확정배포,2023-05-21,통과,1
E002808,P00520,1,부서초안제출,2023-03-02,통과,1
E002809,P00520,2,예산실1차조정,2023-03-13,통과,1
E002810,P00520,3,경영진검토,2023-04-17,통과,1
E002811,P00520,4,이사회승인,2023-05-03,통과,1
E002812,P00520,5,확정배포,2023-06-16,통과,1
E002813,P00521,1,부서초안제출,2023-01-02,통과,1
E002814,P00521,2,예산실1차조정,2023-02-03,통과,1
E002815,P00521,3,경영진검토,2023-02-22,통과,1
E002816,P00521,4,이사회승인,2023-04-02,반려,1
E002817,P00521,4,이사회승인,2023-04-12,통과,2
E002818,P00521,5,확정배포,2023-04-26,통과,1
E002819,P00522,1,부서초안제출,2023-02-08,통과,1
E002820,P00522,2,예산실1차조정,2023-03-03,통과,1
E002821,P00522,3,경영진검토,,통과,1
E002822,P00522,4,이사회승인,2023-04-21,통과,1
E002823,P00522,5,확정배포,2023-05-18,통과,1
E002824,P00523,1,부서초안제출,2023-01-28,통과,1
E002825,P00523,2,예산실1차조정,2023-02-15,통과,1
E002826,P00523,3,경영진검토,2023-02-27,철회,1
E002827,P00524,1,부서초안제출,2023-03-13,통과,1
E002828,P00524,2,예산실1차조정,2023-04-10,통과,1
E002829,P00524,3,경영진검토,2023-04-30,통과,1
E002830,P00524,4,이사회승인,2023-05-19,반려,1
E002831,P00524,4,이사회승인,2023-06-20,통과,2
E002832,P00524,5,확정배포,2023-07-06,통과,1
E002833,P00525,1,부서초안제출,2024-01-12,통과,1
E002834,P00525,2,예산실1차조정,2024-01-31,통과,1
E002835,P00525,3,경영진검토,2024-03-02,통과,1
E002836,P00525,4,이사회승인,2024-04-09,반려,1
E002837,P00525,4,이사회승인,2024-05-14,통과,2
E002838,P00525,5,확정배포,2024-06-25,통과,1
E002839,P00526,1,부서초안제출,2024-01-22,통과,1
E002840,P00526,2,예산실1차조정,2024-02-18,통과,1
E002841,P00526,3,경영진검토,2024-02-29,통과,1
E002842,P00526,4,이사회승인,2024-04-11,통과,1
E002843,P00526,5,확정배포,2024-05-02,통과,1
E002844,P00527,1,부서초안제출,2024-02-17,통과,1
E002845,P00527,2,예산실1차조정,2024-03-19,반려,1
E002846,P00527,2,예산실1차조정,2024-04-11,통과,2
E002847,P00527,3,경영진검토,2024-05-05,통과,1
E002848,P00527,4,이사회승인,2024-06-02,통과,1
E002849,P00527,5,확정배포,2024-07-06,통과,1
E002850,P00528,1,부서초안제출,2024-01-02,통과,1
E002851,P00528,2,예산실1차조정,2024-01-13,통과,1
E002852,P00528,3,경영진검토,2024-01-26,통과,1
E002853,P00528,4,이사회승인,2024-03-01,통과,1
E002854,P00528,5,확정배포,2024-03-12,통과,1
E002855,P00529,1,부서초안제출,2024-03-03,통과,1
E002856,P00529,2,예산실1차조정,2024-04-08,통과,1
E002857,P00529,3,경영진검토,2024-04-19,통과,1
E002858,P00529,4,이사회승인,2024-06-01,통과,1
E002859,P00529,5,확정배포,2024-07-15,통과,1
E002860,P00530,1,부서초안제출,2024-02-06,통과,1
E002861,P00530,2,예산실1차조정,2024-02-22,통과,1
E002862,P00530,3,경영진검토,2024-04-04,반려,1
E002863,P00530,3,경영진검토,2024-04-15,통과,2
E002864,P00530,4,이사회승인,2024-05-07,통과,1
E002865,P00530,5,확정배포,2024-05-30,통과,1
E002866,P00531,1,부서초안제출,2024-02-19,통과,1
E002867,P00531,2,예산실1차조정,2024-03-18,통과,1
E002868,P00531,3,경영진검토,2024-04-28,통과,1
E002869,P00531,4,이사회승인,2024-05-15,통과,1
E002870,P00531,5,확정배포,2024-06-23,통과,1
E002871,P00532,1,부서초안제출,2024-02-06,통과,1
E002872,P00532,2,예산실1차조정,2024-03-03,통과,1
E002873,P00532,3,경영진검토,2024-04-13,통과,1
E002874,P00532,4,이사회승인,2024-04-26,통과,1
E002875,P00532,5,확정배포,2024-05-08,통과,1
E002876,P00533,1,부서초안제출,2024-02-07,통과,1
E002877,P00533,2,예산실1차조정,2024-03-07,통과,1
E002878,P00533,3,경영진검토,2024-03-21,통과,1
E002879,P00533,4,이사회승인,2024-04-05,반려,1
E002880,P00533,4,이사회승인,2024-04-27,통과,2
E002881,P00533,5,확정배포,2024-05-28,통과,1
E002882,P00534,1,부서초안제출,2024-02-04,통과,1
E002883,P00534,2,예산실1차조정,2024-02-29,반려,1
E002884,P00534,2,예산실1차조정,2024-04-13,통과,2
E002885,P00534,3,경영진검토,2024-05-15,통과,1
E002886,P00534,4,이사회승인,2024-06-09,통과,1
E002887,P00534,5,확정배포,2024-06-23,통과,1
E002888,P00535,1,부서초안제출,2025-03-04,통과,1
E002889,P00535,2,예산실1차조정,2025-03-30,통과,1
E002890,P00535,3,경영진검토,2025-04-10,통과,1
E002891,P00535,4,이사회승인,2025-05-18,통과,1
E002892,P00535,5,확정배포,2025-05-28,통과,1
E002893,P00536,1,부서초안제출,2025-02-19,통과,1
E002894,P00536,2,예산실1차조정,2025-03-23,통과,1
E002895,P00536,3,경영진검토,2025-04-18,반려,1
E002896,P00536,3,경영진검토,2025-05-01,통과,2
E002897,P00536,4,이사회승인,2025-05-18,통과,1
E002898,P00536,5,확정배포,2025-06-30,통과,1
E002899,P00537,1,부서초안제출,2025-03-09,통과,1
E002900,P00537,2,예산실1차조정,2025-04-20,통과,1
E002901,P00537,3,경영진검토,2025-05-11,통과,1
E002902,P00537,4,이사회승인,2025-06-18,반려,1
E002903,P00537,4,이사회승인,2025-07-26,통과,2
E002904,P00537,5,확정배포,2025-08-12,통과,1
E002905,P00538,1,부서초안제출,2025-01-26,통과,1
E002906,P00538,2,예산실1차조정,2025-03-02,통과,1
E002907,P00538,3,경영진검토,2025-03-13,통과,1
E002908,P00538,4,이사회승인,2025-04-16,반려,1
E002909,P00538,4,이사회승인,2025-05-27,통과,2
E002910,P00538,5,확정배포,2025-06-11,통과,1
E002911,P00539,1,부서초안제출,2025-01-27,통과,1
E002912,P00539,2,예산실1차조정,2025-03-02,통과,1
E002913,P00539,3,경영진검토,2025-04-06,통과,1
E002914,P00539,4,이사회승인,2025-05-16,통과,1
E002915,P00539,5,확정배포,2025-06-21,통과,1
E002916,P00540,1,부서초안제출,2025-02-13,통과,1
E002917,P00540,2,예산실1차조정,2025-03-11,통과,1
E002918,P00540,3,경영진검토,2025-04-06,통과,1
E002919,P00540,4,이사회승인,2025-05-02,반려,1
E002920,P00540,4,이사회승인,2025-05-17,반려,2
E002921,P00541,1,부서초안제출,2025-03-16,통과,1
E002922,P00541,2,예산실1차조정,2025-04-26,통과,1
E002923,P00541,3,경영진검토,2025-06-08,통과,1
E002924,P00541,4,이사회승인,2025-07-21,반려,1
E002925,P00541,4,이사회승인,2025-08-31,반려,2
E002926,P00542,1,부서초안제출,2026-01-08,통과,1
E002927,P00542,2,예산실1차조정,2026-02-13,통과,1
E002928,P00542,3,경영진검토,2026-03-09,통과,1
E002929,P00542,4,이사회승인,2026-04-20,통과,1
E002930,P00542,5,확정배포,2026-06-01,통과,1
E002931,P00543,1,부서초안제출,2026-02-09,통과,1
E002932,P00543,2,예산실1차조정,2026-03-12,통과,1
E002933,P00543,3,경영진검토,2026-04-06,통과,1
E002934,P00543,4,이사회승인,2026-04-25,반려,1
E002935,P00543,4,이사회승인,2026-05-06,통과,2
E002936,P00543,5,확정배포,2026-06-07,통과,1
E002937,P00544,1,부서초안제출,2026-01-16,통과,1
E002938,P00544,2,예산실1차조정,2026-02-23,통과,1
E002939,P00544,3,경영진검토,2026-03-21,통과,1
E002940,P00544,4,이사회승인,2026-04-21,반려,1
E002941,P00544,4,이사회승인,2026-05-07,통과,2
E002942,P00544,5,확정배포,2026-06-18,통과,1
E002943,P00545,1,부서초안제출,2026-03-15,통과,1
E002944,P00545,2,예산실1차조정,2026-04-28,통과,1
E002945,P00545,3,경영진검토,2026-05-19,통과,1
E002946,P00545,4,이사회승인,2026-06-14,통과,1
E002947,P00545,5,확정배포,2026-06-29,통과,1
E002948,P00546,1,부서초안제출,2026-01-24,통과,1
E002949,P00546,2,예산실1차조정,2026-02-10,통과,1
E002950,P00546,3,경영진검토,2026-03-14,통과,1
E002951,P00546,4,이사회승인,2026-04-26,통과,1
E002952,P00546,5,확정배포,2026-05-10,철회,1
E002953,P00547,1,부서초안제출,2026-02-26,통과,1
E002954,P00547,2,예산실1차조정,2026-03-26,통과,1
E002955,P00547,3,경영진검토,2026-04-23,통과,1
E002956,P00547,4,이사회승인,2026-05-24,통과,1
E002957,P00547,5,확정배포,2026-06-27,통과,1
E002958,P00548,1,부서초안제출,2026-02-01,통과,1
E002959,P00548,2,예산실1차조정,2026-02-25,철회,1
E002960,P00549,1,부서초안제출,2026-01-22,통과,1
E002961,P00549,2,예산실1차조정,2026-02-05,통과,1
E002962,P00549,3,경영진검토,2026-03-07,통과,1
E002963,P00549,4,이사회승인,2026-04-01,통과,1
E002964,P00549,5,확정배포,2026-04-15,통과,1
E002965,P00550,1,부서초안제출,2026-02-08,통과,1
E002966,P00550,2,예산실1차조정,2026-03-16,반려,1
E002967,P00550,2,예산실1차조정,2026-04-12,통과,2
E002968,P00550,3,경영진검토,2026-05-21,통과,1
E002969,P00550,4,이사회승인,2026-06-07,통과,1
E002970,P00550,5,확정배포,2026-06-29,통과,1
E002971,P00551,1,부서초안제출,2026-02-27,통과,1
E002972,P00551,2,예산실1차조정,2026-03-24,통과,1
E002973,P00551,3,경영진검토,2026-04-12,통과,1
E002974,P00551,4,이사회승인,2026-05-20,반려,1
E002975,P00551,4,이사회승인,2026-06-16,통과,2
E002976,P00551,5,확정배포,2026-07-07,통과,1
E002977,P00552,1,부서초안제출,2022-01-04,통과,1
E002978,P00552,2,예산실1차조정,2022-02-02,통과,1
E002979,P00552,3,경영진검토,2022-03-11,통과,1
E002980,P00552,4,이사회승인,2022-04-20,반려,1
E002981,P00552,4,이사회승인,2022-05-23,통과,2
E002982,P00552,5,확정배포,2022-06-21,통과,1
E002983,P00553,1,부서초안제출,2022-01-20,통과,1
E002984,P00553,2,예산실1차조정,2022-02-13,통과,1
E002985,P00553,3,경영진검토,2022-03-29,통과,1
E002986,P00553,4,이사회승인,2022-05-08,반려,1
E002987,P00553,4,이사회승인,2022-06-18,통과,2
E002988,P00553,5,확정배포,2022-06-29,철회,1
E002989,P00554,1,부서초안제출,2022-01-21,통과,1
E002990,P00554,2,예산실1차조정,2022-03-06,통과,1
E002991,P00554,3,경영진검토,2022-03-27,통과,1
E002992,P00554,4,이사회승인,2022-05-05,통과,1
E002993,P00554,5,확정배포,2022-05-23,통과,1
E002994,P00555,1,부서초안제출,,통과,1
E002995,P00555,2,예산실1차조정,2022-03-13,통과,1
E002996,P00555,3,경영진검토,2022-04-22,반려,1
E002997,P00555,3,경영진검토,2022-05-10,통과,2
E002998,P00555,4,이사회승인,2022-05-21,반려,1
E002999,P00555,4,이사회승인,2022-05-31,통과,2
E003000,P00555,5,확정배포,2022-06-15,통과,1
E003001,P00556,1,부서초안제출,2022-01-02,통과,1
E003002,P00556,2,예산실1차조정,2022-01-28,통과,1
E003003,P00556,3,경영진검토,,통과,1
E003004,P00556,4,이사회승인,2022-03-24,통과,1
E003005,P00556,5,확정배포,2022-04-08,통과,1
E003006,P00557,1,부서초안제출,2022-03-16,통과,1
E003007,P00557,2,예산실1차조정,2022-04-03,통과,1
E003008,P00557,3,경영진검토,2022-04-15,통과,1
E003009,P00557,4,이사회승인,2022-05-12,통과,1
E003010,P00557,5,확정배포,2022-06-06,통과,1
E003011,P00558,1,부서초안제출,2022-01-03,통과,1
E003012,P00558,2,예산실1차조정,2022-01-30,통과,1
E003013,P00558,3,경영진검토,2022-03-06,통과,1
E003014,P00558,4,이사회승인,2022-04-03,통과,1
E003015,P00558,5,확정배포,2022-04-14,통과,1
E003016,P00559,1,부서초안제출,2022-02-24,통과,1
E003017,P00559,2,예산실1차조정,2022-03-08,통과,1
E003018,P00559,3,경영진검토,2022-04-16,통과,1
E003019,P00559,4,이사회승인,2022-05-20,반려,1
E003020,P00559,4,이사회승인,2022-06-04,통과,2
E003021,P00559,5,확정배포,2022-06-30,통과,1
E003022,P00560,1,부서초안제출,2022-01-27,통과,1
E003023,P00560,2,예산실1차조정,2022-03-10,통과,1
E003024,P00560,3,경영진검토,2022-04-13,통과,1
E003025,P00560,4,이사회승인,2022-05-03,통과,1
E003026,P00560,5,확정배포,2022-06-06,통과,1
E003027,P00561,1,부서초안제출,2022-01-27,통과,1
E003028,P00561,2,예산실1차조정,2022-02-21,반려,1
E003029,P00561,2,예산실1차조정,2022-03-03,통과,2
E003030,P00561,3,경영진검토,2022-04-15,통과,1
E003031,P00561,4,이사회승인,2022-05-07,통과,1
E003032,P00561,5,확정배포,2022-05-23,철회,1
E003033,P00562,1,부서초안제출,2023-03-14,통과,1
E003034,P00562,2,예산실1차조정,2023-04-16,통과,1
E003035,P00562,3,경영진검토,2023-05-04,통과,1
E003036,P00562,4,이사회승인,2023-06-09,통과,1
E003037,P00562,5,확정배포,2023-07-01,통과,1
E003038,P00563,1,부서초안제출,2023-01-07,통과,1
E003039,P00563,2,예산실1차조정,2023-01-30,통과,1
E003040,P00563,3,경영진검토,2023-03-09,통과,1
E003041,P00563,4,이사회승인,2023-04-13,통과,1
E003042,P00563,5,확정배포,2023-05-03,통과,1
E003043,P00564,1,부서초안제출,2023-01-01,통과,1
E003044,P00564,2,예산실1차조정,2023-01-16,반려,1
E003045,P00564,2,예산실1차조정,2023-01-29,통과,2
E003046,P00564,3,경영진검토,2023-02-14,통과,1
E003047,P00564,4,이사회승인,2023-03-25,반려,1
E003048,P00564,4,이사회승인,2023-04-15,통과,2
E003049,P00564,5,확정배포,2023-05-04,통과,1
E003050,P00565,1,부서초안제출,2023-01-16,통과,1
E003051,P00565,2,예산실1차조정,2023-02-26,통과,1
E003052,P00565,3,경영진검토,2023-03-31,통과,1
E003053,P00565,4,이사회승인,2023-05-03,반려,1
E003054,P00565,4,이사회승인,2023-05-20,통과,2
E003055,P00565,5,확정배포,2023-06-26,통과,1
E003056,P00566,1,부서초안제출,2024-02-29,통과,1
E003057,P00566,2,예산실1차조정,2024-03-22,철회,1
E003058,P00567,1,부서초안제출,2024-03-02,통과,1
E003059,P00567,2,예산실1차조정,2024-04-06,통과,1
E003060,P00567,3,경영진검토,2024-05-07,통과,1
E003061,P00567,4,이사회승인,2024-05-23,반려,1
E003062,P00567,4,이사회승인,2024-06-12,반려,2
E003063,P00568,1,부서초안제출,2024-02-17,통과,1
E003064,P00568,2,예산실1차조정,2024-03-21,통과,1
E003065,P00568,3,경영진검토,2024-04-27,통과,1
E003066,P00568,4,이사회승인,2024-06-09,통과,1
E003067,P00568,5,확정배포,2024-06-30,통과,1
E003068,P00569,1,부서초안제출,2024-01-11,통과,1
E003069,P00569,2,예산실1차조정,2024-02-17,통과,1
E003070,P00569,3,경영진검토,2024-03-26,반려,1
E003071,P00569,3,경영진검토,2024-04-05,통과,2
E003072,P00569,4,이사회승인,2024-04-27,통과,1
E003073,P00569,5,확정배포,2024-05-08,통과,1
E003074,P00570,1,부서초안제출,2024-01-11,통과,1
E003075,P00570,2,예산실1차조정,2024-01-24,통과,1
E003076,P00570,3,경영진검토,2024-02-19,통과,1
E003077,P00570,4,이사회승인,2024-03-19,통과,1
E003078,P00570,5,확정배포,2024-04-05,통과,1
E003079,P00571,1,부서초안제출,2024-01-27,통과,1
E003080,P00571,2,예산실1차조정,2024-02-25,통과,1
E003081,P00571,3,경영진검토,2024-04-05,통과,1
E003082,P00571,4,이사회승인,2024-05-13,통과,1
E003083,P00571,5,확정배포,2024-06-09,통과,1
E003084,P00572,1,부서초안제출,2025-03-10,통과,1
E003085,P00572,2,예산실1차조정,2025-03-28,통과,1
E003086,P00572,3,경영진검토,2025-05-08,통과,1
E003087,P00572,4,이사회승인,2025-06-04,반려,1
E003088,P00572,4,이사회승인,2025-06-29,통과,2
E003089,P00572,5,확정배포,2025-07-14,통과,1
E003090,P00573,1,부서초안제출,2025-01-06,통과,1
E003091,P00573,2,예산실1차조정,2025-02-07,통과,1
E003092,P00573,3,경영진검토,2025-03-07,통과,1
E003093,P00573,4,이사회승인,2025-04-07,통과,1
E003094,P00573,5,확정배포,2025-04-19,통과,1
E003095,P00574,1,부서초안제출,2025-01-10,통과,1
E003096,P00574,2,예산실1차조정,2025-01-21,철회,1
E003097,P00575,1,부서초안제출,2025-01-21,통과,1
E003098,P00575,2,예산실1차조정,2025-02-23,통과,1
E003099,P00575,3,경영진검토,2025-04-02,통과,1
E003100,P00575,4,이사회승인,2025-05-03,통과,1
E003101,P00575,5,확정배포,2025-06-16,통과,1
E003102,P00576,1,부서초안제출,2025-01-30,통과,1
E003103,P00576,2,예산실1차조정,2025-02-20,통과,1
E003104,P00576,3,경영진검토,2025-03-20,철회,1
E003105,P00577,1,부서초안제출,2025-01-08,통과,1
E003106,P00577,2,예산실1차조정,2025-01-21,통과,1
E003107,P00577,3,경영진검토,2025-02-18,통과,1
E003108,P00577,4,이사회승인,2025-02-28,반려,1
E003109,P00577,4,이사회승인,2025-04-06,통과,2
E003110,P00577,5,확정배포,2025-04-28,통과,1
E003111,P00578,1,부서초안제출,2025-03-01,통과,1
E003112,P00578,2,예산실1차조정,2025-04-13,통과,1
E003113,P00578,3,경영진검토,2025-04-24,통과,1
E003114,P00578,4,이사회승인,2025-06-01,반려,1
E003115,P00578,4,이사회승인,2025-07-03,통과,2
E003116,P00578,5,확정배포,2025-07-22,통과,1
E003117,P00579,1,부서초안제출,2025-01-30,통과,1
E003118,P00579,2,예산실1차조정,2025-03-12,통과,1
E003119,P00579,3,경영진검토,2025-04-25,통과,1
E003120,P00579,4,이사회승인,2025-05-12,반려,1
E003121,P00579,4,이사회승인,2025-06-03,통과,2
E003122,P00579,5,확정배포,2025-07-03,통과,1
E003123,P00580,1,부서초안제출,2025-02-16,통과,1
E003124,P00580,2,예산실1차조정,2025-03-01,통과,1
E003125,P00580,3,경영진검토,2025-03-26,반려,1
E003126,P00580,3,경영진검토,2025-04-17,통과,2
E003127,P00580,4,이사회승인,2025-05-10,반려,1
E003128,P00580,4,이사회승인,2025-05-25,통과,2
E003129,P00580,5,확정배포,2025-06-26,통과,1
E003130,P00581,1,부서초안제출,2025-01-09,통과,1
E003131,P00581,2,예산실1차조정,2025-02-07,통과,1
E003132,P00581,3,경영진검토,2025-03-18,반려,1
E003133,P00581,3,경영진검토,2025-04-10,통과,2
E003134,P00581,4,이사회승인,2025-04-23,통과,1
E003135,P00581,5,확정배포,2025-06-05,통과,1
E003136,P00582,1,부서초안제출,2026-01-22,통과,1
E003137,P00582,2,예산실1차조정,2026-02-26,통과,1
E003138,P00582,3,경영진검토,2026-03-25,통과,1
E003139,P00582,4,이사회승인,2026-04-04,반려,1
E003140,P00582,4,이사회승인,2026-05-17,반려,2
E003141,P00583,1,부서초안제출,2026-01-25,통과,1
E003142,P00583,2,예산실1차조정,2026-02-21,통과,1
E003143,P00583,3,경영진검토,2026-03-14,철회,1
E003144,P00584,1,부서초안제출,2026-03-06,통과,1
E003145,P00584,2,예산실1차조정,2026-04-11,통과,1
E003146,P00584,3,경영진검토,2026-05-08,반려,1
E003147,P00584,3,경영진검토,2026-05-27,통과,2
E003148,P00584,4,이사회승인,2026-06-20,통과,1
E003149,P00584,5,확정배포,2026-07-31,통과,1
E003150,P00585,1,부서초안제출,2026-03-09,통과,1
E003151,P00585,2,예산실1차조정,2026-03-23,통과,1
E003152,P00585,3,경영진검토,2026-04-13,통과,1
E003153,P00585,4,이사회승인,2026-05-13,반려,1
E003154,P00585,4,이사회승인,2026-05-30,반려,2
E003155,P00586,1,부서초안제출,2026-03-04,통과,1
E003156,P00586,2,예산실1차조정,2026-03-26,통과,1
E003157,P00586,3,경영진검토,2026-05-02,통과,1
E003158,P00586,4,이사회승인,2026-05-20,통과,1
E003159,P00586,5,확정배포,2026-06-28,통과,1
E003160,P00587,1,부서초안제출,2026-03-09,통과,1
E003161,P00587,2,예산실1차조정,2026-03-29,통과,1
E003162,P00587,3,경영진검토,2026-04-20,통과,1
E003163,P00587,4,이사회승인,2026-05-18,통과,1
E003164,P00587,5,확정배포,2026-06-20,통과,1
E003165,P00588,1,부서초안제출,2026-01-11,통과,1
E003166,P00588,2,예산실1차조정,2026-01-21,철회,1
E003167,P00589,1,부서초안제출,2026-03-09,통과,1
E003168,P00589,2,예산실1차조정,2026-03-30,통과,1
E003169,P00589,3,경영진검토,2026-04-25,통과,1
E003170,P00589,4,이사회승인,2026-05-18,반려,1
E003171,P00589,4,이사회승인,2026-06-28,통과,2
E003172,P00589,5,확정배포,2026-07-22,통과,1
E003173,P00590,1,부서초안제출,2026-01-21,통과,1
E003174,P00590,2,예산실1차조정,2026-02-21,통과,1
E003175,P00590,3,경영진검토,2026-03-06,반려,1
E003176,P00590,3,경영진검토,2026-03-20,통과,2
E003177,P00590,4,이사회승인,2026-04-17,통과,1
E003178,P00590,5,확정배포,2026-05-30,통과,1
E002615,P00483,4,이사회승인,2026-07-11,통과,2
E001402,P00256,3,경영진검토,2025-03-25,통과,1
E000035,P00007,2,예산실1차조정,2023-04-17,통과,1
E002453,P00453,4,이사회승인,2023-05-24,통과,1
E002830,P00524,4,이사회승인,2023-05-19,반려,1
E001314,P00240,5,확정배포,2024-06-10,통과,1
E001569,P00288,3,경영진검토,2024-04-04,반려,1
E002938,P00544,2,예산실1차조정,2026-02-23,통과,1
E002699,P00499,2,예산실1차조정,2024-04-08,통과,1
E002773,P00513,1,부서초안제출,2022-02-16,통과,1
E000207,P00039,5,확정배포,2022-04-01,통과,1
E002967,P00550,2,예산실1차조정,2026-04-12,통과,2
E002820,P00522,2,예산실1차조정,2023-03-03,통과,1
E003137,P00582,2,예산실1차조정,2026-02-26,통과,1
E001278,P00234,4,이사회승인,2023-07-05,통과,1
E003132,P00581,3,경영진검토,2025-03-18,반려,1
E000096,P00018,4,이사회승인,2024-08-08,통과,2
E002681,P00495,4,이사회승인,2023-05-15,반려,2
E001142,P00210,3,경영진검토,2025-03-13,반려,1
E000834,P00155,4,이사회승인,2022-05-20,반려,1
E000281,P00053,5,확정배포,2024-06-22,통과,1
E000181,P00034,4,이사회승인,2026-05-30,통과,2
E000700,P00132,4,이사회승인,2023-04-07,반려,1
E000416,P00079,2,예산실1차조정,2022-02-10,통과,1
E002246,P00412,5,확정배포,2024-05-27,통과,1
E002231,P00410,3,경영진검토,2024-05-11,통과,1
E000583,P00110,4,이사회승인,2025-04-19,반려,1
E003168,P00589,2,예산실1차조정,2026-03-30,통과,1
E002312,P00426,4,이사회승인,2026-05-16,통과,1
E002691,P00497,4,이사회승인,2023-05-19,통과,2
E002792,P00516,4,이사회승인,2022-04-14,철회,1
E002890,P00535,3,경영진검토,2025-04-10,통과,1
E000195,P00037,2,예산실1차조정,2022-01-31,통과,1
E000126,P00024,3,경영진검토,2024-03-22,철회,1
E001486,P00272,4,이사회승인,2022-04-07,통과,1
E001899,P00346,3,경영진검토,2025-05-04,반려,1
E001807,P00330,1,부서초안제출,2024-01-12,통과,1
E000528,P00099,4,이사회승인,2024-05-04,통과,1
E001513,P00277,5,확정배포,2022-06-14,통과,1
E000702,P00133,1,부서초안제출,2023-01-17,통과,1
E001352,P00248,1,부서초안제출,2024-02-15,통과,1
E001443,P00264,1,부서초안제출,2026-03-02,통과,1
E000737,P00138,4,이사회승인,2023-05-27,통과,2
E002432,P00449,3,경영진검토,2023-03-25,반려,1
E002961,P00549,2,예산실1차조정,2026-02-05,통과,1
E001241,P00227,3,경영진검토,2022-05-11,통과,1
E001522,P00279,4,이사회승인,2023-04-10,반려,1
E002853,P00528,4,이사회승인,2024-03-01,통과,1
E001383,P00253,2,예산실1차조정,2025-04-09,통과,2
E000613,P00116,4,이사회승인,2026-05-02,통과,1
E001912,P00348,3,경영진검토,2026-04-14,통과,1
E001907,P00347,4,이사회승인,2025-06-15,반려,1
E000122,P00023,4,이사회승인,2024-05-18,통과,1
E000445,P00084,2,예산실1차조정,2022-02-07,통과,1
E000125,P00024,2,예산실1차조정,2024-02-29,통과,1
E000730,P00137,3,경영진검토,2023-04-12,통과,1
E001764,P00322,2,예산실1차조정,2023-01-17,통과,1
E000768,P00144,2,예산실1차조정,2025-04-05,통과,1
E000370,P00071,1,부서초안제출,2026-01-26,통과,1
E002414,P00446,2,예산실1차조정,2023-02-12,반려,1
E001698,P00311,2,예산실1차조정,2026-02-24,반려,1
E001823,P00332,5,확정배포,2024-05-13,통과,1
E001359,P00249,3,경영진검토,2024-04-19,통과,1
E000733,P00138,1,부서초안제출,2023-03-05,통과,1
